"","uncertainty_noise","trial","whether","how","sufficient","moving","participant","response"
"1",0.7,0,0,0,0,1,1,"no_difference"
"2",0.7,0,0,0,0,1,2,"no_difference"
"3",0.7,0,0,0,0,1,3,"no_difference"
"4",0.7,0,0,0,0,1,4,"no_difference"
"5",0.7,0,0,0,0,1,5,"no_difference"
"6",0.7,0,0,0,0,1,6,"no_difference"
"7",0.7,0,0,0,0,1,7,"no_difference"
"8",0.7,0,0,0,0,1,8,"no_difference"
"9",0.7,0,0,0,0,1,9,"no_difference"
"10",0.7,0,0,0,0,1,10,"no_difference"
"11",0.7,0,0,0,0,1,11,"no_difference"
"12",0.7,0,0,0,0,1,12,"no_difference"
"13",0.7,0,0,0,0,1,13,"no_difference"
"14",0.7,0,0,0,0,1,14,"no_difference"
"15",0.7,0,0,0,0,1,15,"no_difference"
"16",0.7,0,0,0,0,1,16,"no_difference"
"17",0.7,0,0,0,0,1,17,"no_difference"
"18",0.7,0,0,0,0,1,18,"no_difference"
"19",0.7,0,0,0,0,1,19,"no_difference"
"20",0.7,0,0,0,0,1,20,"no_difference"
"21",0.7,0,0,0,0,1,21,"no_difference"
"22",0.7,0,0,0,0,1,22,"no_difference"
"23",0.7,0,0,0,0,1,23,"no_difference"
"24",0.7,0,0,0,0,1,24,"no_difference"
"25",0.7,0,0,0,0,1,25,"no_difference"
"26",0.7,0,0,0,0,1,26,"no_difference"
"27",0.7,0,0,0,0,1,27,"no_difference"
"28",0.7,0,0,0,0,1,28,"no_difference"
"29",0.7,0,0,0,0,1,30,"no_difference"
"30",0.7,0,0,0,0,1,31,"no_difference"
"31",0.7,0,0,0,0,1,32,"no_difference"
"32",0.7,0,0,0,0,1,33,"no_difference"
"33",0.7,0,0,0,0,1,34,"no_difference"
"34",0.7,0,0,0,0,1,35,"affect"
"35",0.7,0,0,0,0,1,36,"no_difference"
"36",0.7,0,0,0,0,1,37,"no_difference"
"37",0.7,0,0,0,0,1,38,"no_difference"
"38",0.7,0,0,0,0,1,39,"no_difference"
"39",0.7,0,0,0,0,1,40,"enable"
"40",0.7,0,0,0,0,1,41,"no_difference"
"41",0.7,0,0,0,0,1,42,"no_difference"
"42",0.7,0,0,0,0,1,43,"no_difference"
"43",0.7,0,0,0,0,1,44,"no_difference"
"44",0.7,0,0,0,0,1,45,"no_difference"
"45",0.7,0,0,0,0,1,46,"no_difference"
"46",0.7,0,0,0,0,1,47,"no_difference"
"47",0.7,0,0,0,0,1,48,"no_difference"
"48",0.7,0,0,0,0,1,49,"no_difference"
"49",0.7,0,0,0,0,1,50,"no_difference"
"50",0.7,0,0,0,0,1,51,"no_difference"
"51",0.7,0,0,0,0,1,52,"cause"
"52",0.7,0,0,0,0,1,53,"no_difference"
"53",0.7,0,0,0,0,1,54,"no_difference"
"54",0.7,0,0,0,0,1,55,"no_difference"
"55",0.7,0,0,0,0,1,56,"no_difference"
"56",0.7,0,0,0,0,1,57,"no_difference"
"57",0.7,0,0,0,0,1,58,"no_difference"
"58",0.7,0,0,0,0,1,59,"no_difference"
"59",0.7,0,0,0,0,1,60,"no_difference"
"60",0.7,0,0,0,0,1,61,"no_difference"
"61",0.7,0,0,0,0,1,62,"no_difference"
"62",0.7,0,0,0,0,1,63,"no_difference"
"63",0.7,1,0.221,0,1,1,1,"enable"
"64",0.7,1,0.221,0,1,1,2,"enable"
"65",0.7,1,0.221,0,1,1,3,"enable"
"66",0.7,1,0.221,0,1,1,4,"enable"
"67",0.7,1,0.221,0,1,1,5,"enable"
"68",0.7,1,0.221,0,1,1,6,"no_difference"
"69",0.7,1,0.221,0,1,1,7,"enable"
"70",0.7,1,0.221,0,1,1,8,"enable"
"71",0.7,1,0.221,0,1,1,9,"enable"
"72",0.7,1,0.221,0,1,1,10,"enable"
"73",0.7,1,0.221,0,1,1,11,"affect"
"74",0.7,1,0.221,0,1,1,12,"no_difference"
"75",0.7,1,0.221,0,1,1,13,"enable"
"76",0.7,1,0.221,0,1,1,14,"enable"
"77",0.7,1,0.221,0,1,1,15,"enable"
"78",0.7,1,0.221,0,1,1,16,"enable"
"79",0.7,1,0.221,0,1,1,17,"enable"
"80",0.7,1,0.221,0,1,1,18,"enable"
"81",0.7,1,0.221,0,1,1,19,"cause"
"82",0.7,1,0.221,0,1,1,20,"enable"
"83",0.7,1,0.221,0,1,1,21,"enable"
"84",0.7,1,0.221,0,1,1,22,"enable"
"85",0.7,1,0.221,0,1,1,23,"enable"
"86",0.7,1,0.221,0,1,1,24,"enable"
"87",0.7,1,0.221,0,1,1,25,"enable"
"88",0.7,1,0.221,0,1,1,26,"enable"
"89",0.7,1,0.221,0,1,1,27,"affect"
"90",0.7,1,0.221,0,1,1,28,"affect"
"91",0.7,1,0.221,0,1,1,30,"no_difference"
"92",0.7,1,0.221,0,1,1,31,"enable"
"93",0.7,1,0.221,0,1,1,32,"cause"
"94",0.7,1,0.221,0,1,1,33,"enable"
"95",0.7,1,0.221,0,1,1,34,"affect"
"96",0.7,1,0.221,0,1,1,35,"enable"
"97",0.7,1,0.221,0,1,1,36,"enable"
"98",0.7,1,0.221,0,1,1,37,"affect"
"99",0.7,1,0.221,0,1,1,38,"enable"
"100",0.7,1,0.221,0,1,1,39,"enable"
"101",0.7,1,0.221,0,1,1,40,"enable"
"102",0.7,1,0.221,0,1,1,41,"no_difference"
"103",0.7,1,0.221,0,1,1,42,"enable"
"104",0.7,1,0.221,0,1,1,43,"enable"
"105",0.7,1,0.221,0,1,1,44,"no_difference"
"106",0.7,1,0.221,0,1,1,45,"enable"
"107",0.7,1,0.221,0,1,1,46,"enable"
"108",0.7,1,0.221,0,1,1,47,"enable"
"109",0.7,1,0.221,0,1,1,48,"enable"
"110",0.7,1,0.221,0,1,1,49,"enable"
"111",0.7,1,0.221,0,1,1,50,"affect"
"112",0.7,1,0.221,0,1,1,51,"enable"
"113",0.7,1,0.221,0,1,1,52,"no_difference"
"114",0.7,1,0.221,0,1,1,53,"enable"
"115",0.7,1,0.221,0,1,1,54,"enable"
"116",0.7,1,0.221,0,1,1,55,"enable"
"117",0.7,1,0.221,0,1,1,56,"affect"
"118",0.7,1,0.221,0,1,1,57,"enable"
"119",0.7,1,0.221,0,1,1,58,"enable"
"120",0.7,1,0.221,0,1,1,59,"enable"
"121",0.7,1,0.221,0,1,1,60,"enable"
"122",0.7,1,0.221,0,1,1,61,"enable"
"123",0.7,1,0.221,0,1,1,62,"enable"
"124",0.7,1,0.221,0,1,1,63,"enable"
"125",0.7,2,0,1,0,1,1,"no_difference"
"126",0.7,2,0,1,0,1,2,"affect"
"127",0.7,2,0,1,0,1,3,"no_difference"
"128",0.7,2,0,1,0,1,4,"no_difference"
"129",0.7,2,0,1,0,1,5,"no_difference"
"130",0.7,2,0,1,0,1,6,"affect"
"131",0.7,2,0,1,0,1,7,"no_difference"
"132",0.7,2,0,1,0,1,8,"no_difference"
"133",0.7,2,0,1,0,1,9,"no_difference"
"134",0.7,2,0,1,0,1,10,"no_difference"
"135",0.7,2,0,1,0,1,11,"no_difference"
"136",0.7,2,0,1,0,1,12,"affect"
"137",0.7,2,0,1,0,1,13,"no_difference"
"138",0.7,2,0,1,0,1,14,"no_difference"
"139",0.7,2,0,1,0,1,15,"no_difference"
"140",0.7,2,0,1,0,1,16,"affect"
"141",0.7,2,0,1,0,1,17,"affect"
"142",0.7,2,0,1,0,1,18,"no_difference"
"143",0.7,2,0,1,0,1,19,"cause"
"144",0.7,2,0,1,0,1,20,"cause"
"145",0.7,2,0,1,0,1,21,"no_difference"
"146",0.7,2,0,1,0,1,22,"affect"
"147",0.7,2,0,1,0,1,23,"no_difference"
"148",0.7,2,0,1,0,1,24,"no_difference"
"149",0.7,2,0,1,0,1,25,"affect"
"150",0.7,2,0,1,0,1,26,"no_difference"
"151",0.7,2,0,1,0,1,27,"no_difference"
"152",0.7,2,0,1,0,1,28,"cause"
"153",0.7,2,0,1,0,1,30,"no_difference"
"154",0.7,2,0,1,0,1,31,"affect"
"155",0.7,2,0,1,0,1,32,"cause"
"156",0.7,2,0,1,0,1,33,"affect"
"157",0.7,2,0,1,0,1,34,"no_difference"
"158",0.7,2,0,1,0,1,35,"affect"
"159",0.7,2,0,1,0,1,36,"no_difference"
"160",0.7,2,0,1,0,1,37,"enable"
"161",0.7,2,0,1,0,1,38,"no_difference"
"162",0.7,2,0,1,0,1,39,"no_difference"
"163",0.7,2,0,1,0,1,40,"cause"
"164",0.7,2,0,1,0,1,41,"no_difference"
"165",0.7,2,0,1,0,1,42,"no_difference"
"166",0.7,2,0,1,0,1,43,"affect"
"167",0.7,2,0,1,0,1,44,"enable"
"168",0.7,2,0,1,0,1,45,"affect"
"169",0.7,2,0,1,0,1,46,"no_difference"
"170",0.7,2,0,1,0,1,47,"no_difference"
"171",0.7,2,0,1,0,1,48,"no_difference"
"172",0.7,2,0,1,0,1,49,"affect"
"173",0.7,2,0,1,0,1,50,"no_difference"
"174",0.7,2,0,1,0,1,51,"affect"
"175",0.7,2,0,1,0,1,52,"cause"
"176",0.7,2,0,1,0,1,53,"no_difference"
"177",0.7,2,0,1,0,1,54,"no_difference"
"178",0.7,2,0,1,0,1,55,"no_difference"
"179",0.7,2,0,1,0,1,56,"no_difference"
"180",0.7,2,0,1,0,1,57,"no_difference"
"181",0.7,2,0,1,0,1,58,"no_difference"
"182",0.7,2,0,1,0,1,59,"no_difference"
"183",0.7,2,0,1,0,1,60,"affect"
"184",0.7,2,0,1,0,1,61,"no_difference"
"185",0.7,2,0,1,0,1,62,"no_difference"
"186",0.7,2,0,1,0,1,63,"no_difference"
"187",0.7,3,0.203,1,0,1,1,"cause"
"188",0.7,3,0.203,1,0,1,2,"cause"
"189",0.7,3,0.203,1,0,1,3,"affect"
"190",0.7,3,0.203,1,0,1,4,"cause"
"191",0.7,3,0.203,1,0,1,5,"no_difference"
"192",0.7,3,0.203,1,0,1,6,"affect"
"193",0.7,3,0.203,1,0,1,7,"affect"
"194",0.7,3,0.203,1,0,1,8,"cause"
"195",0.7,3,0.203,1,0,1,9,"cause"
"196",0.7,3,0.203,1,0,1,10,"affect"
"197",0.7,3,0.203,1,0,1,11,"enable"
"198",0.7,3,0.203,1,0,1,12,"affect"
"199",0.7,3,0.203,1,0,1,13,"no_difference"
"200",0.7,3,0.203,1,0,1,14,"cause"
"201",0.7,3,0.203,1,0,1,15,"cause"
"202",0.7,3,0.203,1,0,1,16,"affect"
"203",0.7,3,0.203,1,0,1,17,"enable"
"204",0.7,3,0.203,1,0,1,18,"cause"
"205",0.7,3,0.203,1,0,1,19,"enable"
"206",0.7,3,0.203,1,0,1,20,"cause"
"207",0.7,3,0.203,1,0,1,21,"cause"
"208",0.7,3,0.203,1,0,1,22,"affect"
"209",0.7,3,0.203,1,0,1,23,"cause"
"210",0.7,3,0.203,1,0,1,24,"affect"
"211",0.7,3,0.203,1,0,1,25,"affect"
"212",0.7,3,0.203,1,0,1,26,"affect"
"213",0.7,3,0.203,1,0,1,27,"cause"
"214",0.7,3,0.203,1,0,1,28,"affect"
"215",0.7,3,0.203,1,0,1,30,"cause"
"216",0.7,3,0.203,1,0,1,31,"cause"
"217",0.7,3,0.203,1,0,1,32,"cause"
"218",0.7,3,0.203,1,0,1,33,"cause"
"219",0.7,3,0.203,1,0,1,34,"affect"
"220",0.7,3,0.203,1,0,1,35,"no_difference"
"221",0.7,3,0.203,1,0,1,36,"enable"
"222",0.7,3,0.203,1,0,1,37,"affect"
"223",0.7,3,0.203,1,0,1,38,"cause"
"224",0.7,3,0.203,1,0,1,39,"affect"
"225",0.7,3,0.203,1,0,1,40,"cause"
"226",0.7,3,0.203,1,0,1,41,"affect"
"227",0.7,3,0.203,1,0,1,42,"affect"
"228",0.7,3,0.203,1,0,1,43,"cause"
"229",0.7,3,0.203,1,0,1,44,"affect"
"230",0.7,3,0.203,1,0,1,45,"affect"
"231",0.7,3,0.203,1,0,1,46,"cause"
"232",0.7,3,0.203,1,0,1,47,"cause"
"233",0.7,3,0.203,1,0,1,48,"affect"
"234",0.7,3,0.203,1,0,1,49,"affect"
"235",0.7,3,0.203,1,0,1,50,"cause"
"236",0.7,3,0.203,1,0,1,51,"affect"
"237",0.7,3,0.203,1,0,1,52,"enable"
"238",0.7,3,0.203,1,0,1,53,"cause"
"239",0.7,3,0.203,1,0,1,54,"affect"
"240",0.7,3,0.203,1,0,1,55,"enable"
"241",0.7,3,0.203,1,0,1,56,"cause"
"242",0.7,3,0.203,1,0,1,57,"cause"
"243",0.7,3,0.203,1,0,1,58,"enable"
"244",0.7,3,0.203,1,0,1,59,"cause"
"245",0.7,3,0.203,1,0,1,60,"cause"
"246",0.7,3,0.203,1,0,1,61,"cause"
"247",0.7,3,0.203,1,0,1,62,"cause"
"248",0.7,3,0.203,1,0,1,63,"cause"
"249",0.7,4,0.003,1,0.006,1,1,"affect"
"250",0.7,4,0.003,1,0.006,1,2,"affect"
"251",0.7,4,0.003,1,0.006,1,3,"no_difference"
"252",0.7,4,0.003,1,0.006,1,4,"no_difference"
"253",0.7,4,0.003,1,0.006,1,5,"no_difference"
"254",0.7,4,0.003,1,0.006,1,6,"enable"
"255",0.7,4,0.003,1,0.006,1,7,"affect"
"256",0.7,4,0.003,1,0.006,1,8,"no_difference"
"257",0.7,4,0.003,1,0.006,1,9,"no_difference"
"258",0.7,4,0.003,1,0.006,1,10,"no_difference"
"259",0.7,4,0.003,1,0.006,1,11,"affect"
"260",0.7,4,0.003,1,0.006,1,12,"affect"
"261",0.7,4,0.003,1,0.006,1,13,"no_difference"
"262",0.7,4,0.003,1,0.006,1,14,"no_difference"
"263",0.7,4,0.003,1,0.006,1,15,"no_difference"
"264",0.7,4,0.003,1,0.006,1,16,"no_difference"
"265",0.7,4,0.003,1,0.006,1,17,"no_difference"
"266",0.7,4,0.003,1,0.006,1,18,"no_difference"
"267",0.7,4,0.003,1,0.006,1,19,"enable"
"268",0.7,4,0.003,1,0.006,1,20,"affect"
"269",0.7,4,0.003,1,0.006,1,21,"no_difference"
"270",0.7,4,0.003,1,0.006,1,22,"affect"
"271",0.7,4,0.003,1,0.006,1,23,"affect"
"272",0.7,4,0.003,1,0.006,1,24,"no_difference"
"273",0.7,4,0.003,1,0.006,1,25,"no_difference"
"274",0.7,4,0.003,1,0.006,1,26,"no_difference"
"275",0.7,4,0.003,1,0.006,1,27,"affect"
"276",0.7,4,0.003,1,0.006,1,28,"enable"
"277",0.7,4,0.003,1,0.006,1,30,"no_difference"
"278",0.7,4,0.003,1,0.006,1,31,"affect"
"279",0.7,4,0.003,1,0.006,1,32,"cause"
"280",0.7,4,0.003,1,0.006,1,33,"no_difference"
"281",0.7,4,0.003,1,0.006,1,34,"cause"
"282",0.7,4,0.003,1,0.006,1,35,"affect"
"283",0.7,4,0.003,1,0.006,1,36,"no_difference"
"284",0.7,4,0.003,1,0.006,1,37,"affect"
"285",0.7,4,0.003,1,0.006,1,38,"affect"
"286",0.7,4,0.003,1,0.006,1,39,"no_difference"
"287",0.7,4,0.003,1,0.006,1,40,"enable"
"288",0.7,4,0.003,1,0.006,1,41,"no_difference"
"289",0.7,4,0.003,1,0.006,1,42,"no_difference"
"290",0.7,4,0.003,1,0.006,1,43,"affect"
"291",0.7,4,0.003,1,0.006,1,44,"no_difference"
"292",0.7,4,0.003,1,0.006,1,45,"affect"
"293",0.7,4,0.003,1,0.006,1,46,"no_difference"
"294",0.7,4,0.003,1,0.006,1,47,"no_difference"
"295",0.7,4,0.003,1,0.006,1,48,"no_difference"
"296",0.7,4,0.003,1,0.006,1,49,"no_difference"
"297",0.7,4,0.003,1,0.006,1,50,"no_difference"
"298",0.7,4,0.003,1,0.006,1,51,"affect"
"299",0.7,4,0.003,1,0.006,1,52,"enable"
"300",0.7,4,0.003,1,0.006,1,53,"no_difference"
"301",0.7,4,0.003,1,0.006,1,54,"no_difference"
"302",0.7,4,0.003,1,0.006,1,55,"no_difference"
"303",0.7,4,0.003,1,0.006,1,56,"no_difference"
"304",0.7,4,0.003,1,0.006,1,57,"no_difference"
"305",0.7,4,0.003,1,0.006,1,58,"no_difference"
"306",0.7,4,0.003,1,0.006,1,59,"no_difference"
"307",0.7,4,0.003,1,0.006,1,60,"affect"
"308",0.7,4,0.003,1,0.006,1,61,"affect"
"309",0.7,4,0.003,1,0.006,1,62,"no_difference"
"310",0.7,4,0.003,1,0.006,1,63,"enable"
"311",0.7,5,0,1,1,1,1,"cause"
"312",0.7,5,0,1,1,1,2,"cause"
"313",0.7,5,0,1,1,1,3,"cause"
"314",0.7,5,0,1,1,1,4,"cause"
"315",0.7,5,0,1,1,1,5,"cause"
"316",0.7,5,0,1,1,1,6,"affect"
"317",0.7,5,0,1,1,1,7,"affect"
"318",0.7,5,0,1,1,1,8,"cause"
"319",0.7,5,0,1,1,1,9,"cause"
"320",0.7,5,0,1,1,1,10,"cause"
"321",0.7,5,0,1,1,1,11,"cause"
"322",0.7,5,0,1,1,1,12,"cause"
"323",0.7,5,0,1,1,1,13,"affect"
"324",0.7,5,0,1,1,1,14,"cause"
"325",0.7,5,0,1,1,1,15,"cause"
"326",0.7,5,0,1,1,1,16,"cause"
"327",0.7,5,0,1,1,1,17,"cause"
"328",0.7,5,0,1,1,1,18,"cause"
"329",0.7,5,0,1,1,1,19,"affect"
"330",0.7,5,0,1,1,1,20,"cause"
"331",0.7,5,0,1,1,1,21,"cause"
"332",0.7,5,0,1,1,1,22,"cause"
"333",0.7,5,0,1,1,1,23,"cause"
"334",0.7,5,0,1,1,1,24,"cause"
"335",0.7,5,0,1,1,1,25,"cause"
"336",0.7,5,0,1,1,1,26,"cause"
"337",0.7,5,0,1,1,1,27,"cause"
"338",0.7,5,0,1,1,1,28,"enable"
"339",0.7,5,0,1,1,1,30,"cause"
"340",0.7,5,0,1,1,1,31,"cause"
"341",0.7,5,0,1,1,1,32,"cause"
"342",0.7,5,0,1,1,1,33,"cause"
"343",0.7,5,0,1,1,1,34,"enable"
"344",0.7,5,0,1,1,1,35,"cause"
"345",0.7,5,0,1,1,1,36,"cause"
"346",0.7,5,0,1,1,1,37,"cause"
"347",0.7,5,0,1,1,1,38,"cause"
"348",0.7,5,0,1,1,1,39,"cause"
"349",0.7,5,0,1,1,1,40,"cause"
"350",0.7,5,0,1,1,1,41,"no_difference"
"351",0.7,5,0,1,1,1,42,"cause"
"352",0.7,5,0,1,1,1,43,"cause"
"353",0.7,5,0,1,1,1,44,"enable"
"354",0.7,5,0,1,1,1,45,"cause"
"355",0.7,5,0,1,1,1,46,"cause"
"356",0.7,5,0,1,1,1,47,"cause"
"357",0.7,5,0,1,1,1,48,"cause"
"358",0.7,5,0,1,1,1,49,"enable"
"359",0.7,5,0,1,1,1,50,"cause"
"360",0.7,5,0,1,1,1,51,"cause"
"361",0.7,5,0,1,1,1,52,"enable"
"362",0.7,5,0,1,1,1,53,"cause"
"363",0.7,5,0,1,1,1,54,"cause"
"364",0.7,5,0,1,1,1,55,"cause"
"365",0.7,5,0,1,1,1,56,"cause"
"366",0.7,5,0,1,1,1,57,"cause"
"367",0.7,5,0,1,1,1,58,"enable"
"368",0.7,5,0,1,1,1,59,"cause"
"369",0.7,5,0,1,1,1,60,"cause"
"370",0.7,5,0,1,1,1,61,"cause"
"371",0.7,5,0,1,1,1,62,"cause"
"372",0.7,5,0,1,1,1,63,"cause"
"373",0.7,6,0,1,1,1,1,"enable"
"374",0.7,6,0,1,1,1,2,"affect"
"375",0.7,6,0,1,1,1,3,"affect"
"376",0.7,6,0,1,1,1,4,"enable"
"377",0.7,6,0,1,1,1,5,"no_difference"
"378",0.7,6,0,1,1,1,6,"cause"
"379",0.7,6,0,1,1,1,7,"affect"
"380",0.7,6,0,1,1,1,8,"cause"
"381",0.7,6,0,1,1,1,9,"cause"
"382",0.7,6,0,1,1,1,10,"cause"
"383",0.7,6,0,1,1,1,11,"cause"
"384",0.7,6,0,1,1,1,12,"affect"
"385",0.7,6,0,1,1,1,13,"affect"
"386",0.7,6,0,1,1,1,14,"enable"
"387",0.7,6,0,1,1,1,15,"affect"
"388",0.7,6,0,1,1,1,16,"affect"
"389",0.7,6,0,1,1,1,17,"cause"
"390",0.7,6,0,1,1,1,18,"affect"
"391",0.7,6,0,1,1,1,19,"enable"
"392",0.7,6,0,1,1,1,20,"cause"
"393",0.7,6,0,1,1,1,21,"cause"
"394",0.7,6,0,1,1,1,22,"affect"
"395",0.7,6,0,1,1,1,23,"affect"
"396",0.7,6,0,1,1,1,24,"affect"
"397",0.7,6,0,1,1,1,25,"enable"
"398",0.7,6,0,1,1,1,26,"affect"
"399",0.7,6,0,1,1,1,27,"affect"
"400",0.7,6,0,1,1,1,28,"enable"
"401",0.7,6,0,1,1,1,30,"cause"
"402",0.7,6,0,1,1,1,31,"affect"
"403",0.7,6,0,1,1,1,32,"enable"
"404",0.7,6,0,1,1,1,33,"enable"
"405",0.7,6,0,1,1,1,34,"cause"
"406",0.7,6,0,1,1,1,35,"affect"
"407",0.7,6,0,1,1,1,36,"affect"
"408",0.7,6,0,1,1,1,37,"affect"
"409",0.7,6,0,1,1,1,38,"cause"
"410",0.7,6,0,1,1,1,39,"cause"
"411",0.7,6,0,1,1,1,40,"cause"
"412",0.7,6,0,1,1,1,41,"no_difference"
"413",0.7,6,0,1,1,1,42,"affect"
"414",0.7,6,0,1,1,1,43,"cause"
"415",0.7,6,0,1,1,1,44,"enable"
"416",0.7,6,0,1,1,1,45,"affect"
"417",0.7,6,0,1,1,1,46,"affect"
"418",0.7,6,0,1,1,1,47,"no_difference"
"419",0.7,6,0,1,1,1,48,"cause"
"420",0.7,6,0,1,1,1,49,"enable"
"421",0.7,6,0,1,1,1,50,"affect"
"422",0.7,6,0,1,1,1,51,"affect"
"423",0.7,6,0,1,1,1,52,"cause"
"424",0.7,6,0,1,1,1,53,"affect"
"425",0.7,6,0,1,1,1,54,"cause"
"426",0.7,6,0,1,1,1,55,"affect"
"427",0.7,6,0,1,1,1,56,"affect"
"428",0.7,6,0,1,1,1,57,"affect"
"429",0.7,6,0,1,1,1,58,"no_difference"
"430",0.7,6,0,1,1,1,59,"cause"
"431",0.7,6,0,1,1,1,60,"cause"
"432",0.7,6,0,1,1,1,61,"enable"
"433",0.7,6,0,1,1,1,62,"enable"
"434",0.7,6,0,1,1,1,63,"affect"
"435",0.7,7,0.047,0,1,1,1,"enable"
"436",0.7,7,0.047,0,1,1,2,"enable"
"437",0.7,7,0.047,0,1,1,3,"enable"
"438",0.7,7,0.047,0,1,1,4,"enable"
"439",0.7,7,0.047,0,1,1,5,"no_difference"
"440",0.7,7,0.047,0,1,1,6,"no_difference"
"441",0.7,7,0.047,0,1,1,7,"enable"
"442",0.7,7,0.047,0,1,1,8,"enable"
"443",0.7,7,0.047,0,1,1,9,"affect"
"444",0.7,7,0.047,0,1,1,10,"enable"
"445",0.7,7,0.047,0,1,1,11,"enable"
"446",0.7,7,0.047,0,1,1,12,"enable"
"447",0.7,7,0.047,0,1,1,13,"enable"
"448",0.7,7,0.047,0,1,1,14,"enable"
"449",0.7,7,0.047,0,1,1,15,"enable"
"450",0.7,7,0.047,0,1,1,16,"enable"
"451",0.7,7,0.047,0,1,1,17,"no_difference"
"452",0.7,7,0.047,0,1,1,18,"enable"
"453",0.7,7,0.047,0,1,1,19,"affect"
"454",0.7,7,0.047,0,1,1,20,"enable"
"455",0.7,7,0.047,0,1,1,21,"enable"
"456",0.7,7,0.047,0,1,1,22,"enable"
"457",0.7,7,0.047,0,1,1,23,"enable"
"458",0.7,7,0.047,0,1,1,24,"enable"
"459",0.7,7,0.047,0,1,1,25,"enable"
"460",0.7,7,0.047,0,1,1,26,"enable"
"461",0.7,7,0.047,0,1,1,27,"enable"
"462",0.7,7,0.047,0,1,1,28,"cause"
"463",0.7,7,0.047,0,1,1,30,"no_difference"
"464",0.7,7,0.047,0,1,1,31,"no_difference"
"465",0.7,7,0.047,0,1,1,32,"affect"
"466",0.7,7,0.047,0,1,1,33,"enable"
"467",0.7,7,0.047,0,1,1,34,"enable"
"468",0.7,7,0.047,0,1,1,35,"enable"
"469",0.7,7,0.047,0,1,1,36,"no_difference"
"470",0.7,7,0.047,0,1,1,37,"enable"
"471",0.7,7,0.047,0,1,1,38,"no_difference"
"472",0.7,7,0.047,0,1,1,39,"enable"
"473",0.7,7,0.047,0,1,1,40,"enable"
"474",0.7,7,0.047,0,1,1,41,"no_difference"
"475",0.7,7,0.047,0,1,1,42,"enable"
"476",0.7,7,0.047,0,1,1,43,"enable"
"477",0.7,7,0.047,0,1,1,44,"enable"
"478",0.7,7,0.047,0,1,1,45,"enable"
"479",0.7,7,0.047,0,1,1,46,"enable"
"480",0.7,7,0.047,0,1,1,47,"no_difference"
"481",0.7,7,0.047,0,1,1,48,"enable"
"482",0.7,7,0.047,0,1,1,49,"no_difference"
"483",0.7,7,0.047,0,1,1,50,"no_difference"
"484",0.7,7,0.047,0,1,1,51,"enable"
"485",0.7,7,0.047,0,1,1,52,"enable"
"486",0.7,7,0.047,0,1,1,53,"enable"
"487",0.7,7,0.047,0,1,1,54,"enable"
"488",0.7,7,0.047,0,1,1,55,"enable"
"489",0.7,7,0.047,0,1,1,56,"enable"
"490",0.7,7,0.047,0,1,1,57,"no_difference"
"491",0.7,7,0.047,0,1,1,58,"enable"
"492",0.7,7,0.047,0,1,1,59,"enable"
"493",0.7,7,0.047,0,1,1,60,"enable"
"494",0.7,7,0.047,0,1,1,61,"enable"
"495",0.7,7,0.047,0,1,1,62,"enable"
"496",0.7,7,0.047,0,1,1,63,"no_difference"
"497",0.7,8,0.608,1,0,1,1,"cause"
"498",0.7,8,0.608,1,0,1,2,"cause"
"499",0.7,8,0.608,1,0,1,3,"enable"
"500",0.7,8,0.608,1,0,1,4,"cause"
"501",0.7,8,0.608,1,0,1,5,"affect"
"502",0.7,8,0.608,1,0,1,6,"enable"
"503",0.7,8,0.608,1,0,1,7,"enable"
"504",0.7,8,0.608,1,0,1,8,"cause"
"505",0.7,8,0.608,1,0,1,9,"cause"
"506",0.7,8,0.608,1,0,1,10,"affect"
"507",0.7,8,0.608,1,0,1,11,"enable"
"508",0.7,8,0.608,1,0,1,12,"cause"
"509",0.7,8,0.608,1,0,1,13,"enable"
"510",0.7,8,0.608,1,0,1,14,"affect"
"511",0.7,8,0.608,1,0,1,15,"affect"
"512",0.7,8,0.608,1,0,1,16,"cause"
"513",0.7,8,0.608,1,0,1,17,"cause"
"514",0.7,8,0.608,1,0,1,18,"cause"
"515",0.7,8,0.608,1,0,1,19,"enable"
"516",0.7,8,0.608,1,0,1,20,"affect"
"517",0.7,8,0.608,1,0,1,21,"no_difference"
"518",0.7,8,0.608,1,0,1,22,"affect"
"519",0.7,8,0.608,1,0,1,23,"enable"
"520",0.7,8,0.608,1,0,1,24,"affect"
"521",0.7,8,0.608,1,0,1,25,"cause"
"522",0.7,8,0.608,1,0,1,26,"cause"
"523",0.7,8,0.608,1,0,1,27,"affect"
"524",0.7,8,0.608,1,0,1,28,"cause"
"525",0.7,8,0.608,1,0,1,30,"enable"
"526",0.7,8,0.608,1,0,1,31,"cause"
"527",0.7,8,0.608,1,0,1,32,"cause"
"528",0.7,8,0.608,1,0,1,33,"cause"
"529",0.7,8,0.608,1,0,1,34,"affect"
"530",0.7,8,0.608,1,0,1,35,"enable"
"531",0.7,8,0.608,1,0,1,36,"enable"
"532",0.7,8,0.608,1,0,1,37,"affect"
"533",0.7,8,0.608,1,0,1,38,"affect"
"534",0.7,8,0.608,1,0,1,39,"cause"
"535",0.7,8,0.608,1,0,1,40,"affect"
"536",0.7,8,0.608,1,0,1,41,"no_difference"
"537",0.7,8,0.608,1,0,1,42,"cause"
"538",0.7,8,0.608,1,0,1,43,"affect"
"539",0.7,8,0.608,1,0,1,44,"enable"
"540",0.7,8,0.608,1,0,1,45,"affect"
"541",0.7,8,0.608,1,0,1,46,"cause"
"542",0.7,8,0.608,1,0,1,47,"enable"
"543",0.7,8,0.608,1,0,1,48,"affect"
"544",0.7,8,0.608,1,0,1,49,"cause"
"545",0.7,8,0.608,1,0,1,50,"enable"
"546",0.7,8,0.608,1,0,1,51,"enable"
"547",0.7,8,0.608,1,0,1,52,"cause"
"548",0.7,8,0.608,1,0,1,53,"cause"
"549",0.7,8,0.608,1,0,1,54,"affect"
"550",0.7,8,0.608,1,0,1,55,"cause"
"551",0.7,8,0.608,1,0,1,56,"enable"
"552",0.7,8,0.608,1,0,1,57,"affect"
"553",0.7,8,0.608,1,0,1,58,"cause"
"554",0.7,8,0.608,1,0,1,59,"affect"
"555",0.7,8,0.608,1,0,1,60,"cause"
"556",0.7,8,0.608,1,0,1,61,"enable"
"557",0.7,8,0.608,1,0,1,62,"affect"
"558",0.7,8,0.608,1,0,1,63,"cause"
"559",0.7,9,0.887,1,0.867,1,1,"enable"
"560",0.7,9,0.887,1,0.867,1,2,"cause"
"561",0.7,9,0.887,1,0.867,1,3,"cause"
"562",0.7,9,0.887,1,0.867,1,4,"cause"
"563",0.7,9,0.887,1,0.867,1,5,"cause"
"564",0.7,9,0.887,1,0.867,1,6,"no_difference"
"565",0.7,9,0.887,1,0.867,1,7,"affect"
"566",0.7,9,0.887,1,0.867,1,8,"cause"
"567",0.7,9,0.887,1,0.867,1,9,"cause"
"568",0.7,9,0.887,1,0.867,1,10,"cause"
"569",0.7,9,0.887,1,0.867,1,11,"cause"
"570",0.7,9,0.887,1,0.867,1,12,"cause"
"571",0.7,9,0.887,1,0.867,1,13,"affect"
"572",0.7,9,0.887,1,0.867,1,14,"cause"
"573",0.7,9,0.887,1,0.867,1,15,"cause"
"574",0.7,9,0.887,1,0.867,1,16,"cause"
"575",0.7,9,0.887,1,0.867,1,17,"enable"
"576",0.7,9,0.887,1,0.867,1,18,"cause"
"577",0.7,9,0.887,1,0.867,1,19,"enable"
"578",0.7,9,0.887,1,0.867,1,20,"cause"
"579",0.7,9,0.887,1,0.867,1,21,"cause"
"580",0.7,9,0.887,1,0.867,1,22,"cause"
"581",0.7,9,0.887,1,0.867,1,23,"cause"
"582",0.7,9,0.887,1,0.867,1,24,"affect"
"583",0.7,9,0.887,1,0.867,1,25,"enable"
"584",0.7,9,0.887,1,0.867,1,26,"affect"
"585",0.7,9,0.887,1,0.867,1,27,"affect"
"586",0.7,9,0.887,1,0.867,1,28,"enable"
"587",0.7,9,0.887,1,0.867,1,30,"cause"
"588",0.7,9,0.887,1,0.867,1,31,"cause"
"589",0.7,9,0.887,1,0.867,1,32,"cause"
"590",0.7,9,0.887,1,0.867,1,33,"cause"
"591",0.7,9,0.887,1,0.867,1,34,"cause"
"592",0.7,9,0.887,1,0.867,1,35,"cause"
"593",0.7,9,0.887,1,0.867,1,36,"affect"
"594",0.7,9,0.887,1,0.867,1,37,"cause"
"595",0.7,9,0.887,1,0.867,1,38,"cause"
"596",0.7,9,0.887,1,0.867,1,39,"cause"
"597",0.7,9,0.887,1,0.867,1,40,"cause"
"598",0.7,9,0.887,1,0.867,1,41,"affect"
"599",0.7,9,0.887,1,0.867,1,42,"cause"
"600",0.7,9,0.887,1,0.867,1,43,"cause"
"601",0.7,9,0.887,1,0.867,1,44,"no_difference"
"602",0.7,9,0.887,1,0.867,1,45,"affect"
"603",0.7,9,0.887,1,0.867,1,46,"cause"
"604",0.7,9,0.887,1,0.867,1,47,"no_difference"
"605",0.7,9,0.887,1,0.867,1,48,"affect"
"606",0.7,9,0.887,1,0.867,1,49,"cause"
"607",0.7,9,0.887,1,0.867,1,50,"no_difference"
"608",0.7,9,0.887,1,0.867,1,51,"cause"
"609",0.7,9,0.887,1,0.867,1,52,"enable"
"610",0.7,9,0.887,1,0.867,1,53,"enable"
"611",0.7,9,0.887,1,0.867,1,54,"affect"
"612",0.7,9,0.887,1,0.867,1,55,"cause"
"613",0.7,9,0.887,1,0.867,1,56,"cause"
"614",0.7,9,0.887,1,0.867,1,57,"no_difference"
"615",0.7,9,0.887,1,0.867,1,58,"cause"
"616",0.7,9,0.887,1,0.867,1,59,"cause"
"617",0.7,9,0.887,1,0.867,1,60,"cause"
"618",0.7,9,0.887,1,0.867,1,61,"cause"
"619",0.7,9,0.887,1,0.867,1,62,"cause"
"620",0.7,9,0.887,1,0.867,1,63,"cause"
"621",0.7,10,0.935,1,0.019,1,1,"enable"
"622",0.7,10,0.935,1,0.019,1,2,"affect"
"623",0.7,10,0.935,1,0.019,1,3,"enable"
"624",0.7,10,0.935,1,0.019,1,4,"affect"
"625",0.7,10,0.935,1,0.019,1,5,"affect"
"626",0.7,10,0.935,1,0.019,1,6,"cause"
"627",0.7,10,0.935,1,0.019,1,7,"affect"
"628",0.7,10,0.935,1,0.019,1,8,"cause"
"629",0.7,10,0.935,1,0.019,1,9,"enable"
"630",0.7,10,0.935,1,0.019,1,10,"cause"
"631",0.7,10,0.935,1,0.019,1,11,"affect"
"632",0.7,10,0.935,1,0.019,1,12,"affect"
"633",0.7,10,0.935,1,0.019,1,13,"enable"
"634",0.7,10,0.935,1,0.019,1,14,"affect"
"635",0.7,10,0.935,1,0.019,1,15,"cause"
"636",0.7,10,0.935,1,0.019,1,16,"affect"
"637",0.7,10,0.935,1,0.019,1,17,"enable"
"638",0.7,10,0.935,1,0.019,1,18,"no_difference"
"639",0.7,10,0.935,1,0.019,1,19,"affect"
"640",0.7,10,0.935,1,0.019,1,20,"affect"
"641",0.7,10,0.935,1,0.019,1,21,"affect"
"642",0.7,10,0.935,1,0.019,1,22,"affect"
"643",0.7,10,0.935,1,0.019,1,23,"affect"
"644",0.7,10,0.935,1,0.019,1,24,"affect"
"645",0.7,10,0.935,1,0.019,1,25,"enable"
"646",0.7,10,0.935,1,0.019,1,26,"affect"
"647",0.7,10,0.935,1,0.019,1,27,"affect"
"648",0.7,10,0.935,1,0.019,1,28,"cause"
"649",0.7,10,0.935,1,0.019,1,30,"cause"
"650",0.7,10,0.935,1,0.019,1,31,"cause"
"651",0.7,10,0.935,1,0.019,1,32,"affect"
"652",0.7,10,0.935,1,0.019,1,33,"cause"
"653",0.7,10,0.935,1,0.019,1,34,"affect"
"654",0.7,10,0.935,1,0.019,1,35,"affect"
"655",0.7,10,0.935,1,0.019,1,36,"affect"
"656",0.7,10,0.935,1,0.019,1,37,"affect"
"657",0.7,10,0.935,1,0.019,1,38,"cause"
"658",0.7,10,0.935,1,0.019,1,39,"affect"
"659",0.7,10,0.935,1,0.019,1,40,"cause"
"660",0.7,10,0.935,1,0.019,1,41,"no_difference"
"661",0.7,10,0.935,1,0.019,1,42,"enable"
"662",0.7,10,0.935,1,0.019,1,43,"affect"
"663",0.7,10,0.935,1,0.019,1,44,"enable"
"664",0.7,10,0.935,1,0.019,1,45,"cause"
"665",0.7,10,0.935,1,0.019,1,46,"affect"
"666",0.7,10,0.935,1,0.019,1,47,"cause"
"667",0.7,10,0.935,1,0.019,1,48,"cause"
"668",0.7,10,0.935,1,0.019,1,49,"enable"
"669",0.7,10,0.935,1,0.019,1,50,"affect"
"670",0.7,10,0.935,1,0.019,1,51,"affect"
"671",0.7,10,0.935,1,0.019,1,52,"cause"
"672",0.7,10,0.935,1,0.019,1,53,"affect"
"673",0.7,10,0.935,1,0.019,1,54,"cause"
"674",0.7,10,0.935,1,0.019,1,55,"affect"
"675",0.7,10,0.935,1,0.019,1,56,"affect"
"676",0.7,10,0.935,1,0.019,1,57,"affect"
"677",0.7,10,0.935,1,0.019,1,58,"enable"
"678",0.7,10,0.935,1,0.019,1,59,"cause"
"679",0.7,10,0.935,1,0.019,1,60,"cause"
"680",0.7,10,0.935,1,0.019,1,61,"enable"
"681",0.7,10,0.935,1,0.019,1,62,"enable"
"682",0.7,10,0.935,1,0.019,1,63,"cause"
"683",0.7,11,1,1,0,1,1,"enable"
"684",0.7,11,1,1,0,1,2,"enable"
"685",0.7,11,1,1,0,1,3,"affect"
"686",0.7,11,1,1,0,1,4,"enable"
"687",0.7,11,1,1,0,1,5,"enable"
"688",0.7,11,1,1,0,1,6,"cause"
"689",0.7,11,1,1,0,1,7,"affect"
"690",0.7,11,1,1,0,1,8,"enable"
"691",0.7,11,1,1,0,1,9,"cause"
"692",0.7,11,1,1,0,1,10,"enable"
"693",0.7,11,1,1,0,1,11,"enable"
"694",0.7,11,1,1,0,1,12,"enable"
"695",0.7,11,1,1,0,1,13,"affect"
"696",0.7,11,1,1,0,1,14,"enable"
"697",0.7,11,1,1,0,1,15,"enable"
"698",0.7,11,1,1,0,1,16,"enable"
"699",0.7,11,1,1,0,1,17,"affect"
"700",0.7,11,1,1,0,1,18,"enable"
"701",0.7,11,1,1,0,1,19,"cause"
"702",0.7,11,1,1,0,1,20,"affect"
"703",0.7,11,1,1,0,1,21,"affect"
"704",0.7,11,1,1,0,1,22,"cause"
"705",0.7,11,1,1,0,1,23,"enable"
"706",0.7,11,1,1,0,1,24,"cause"
"707",0.7,11,1,1,0,1,25,"enable"
"708",0.7,11,1,1,0,1,26,"affect"
"709",0.7,11,1,1,0,1,27,"affect"
"710",0.7,11,1,1,0,1,28,"affect"
"711",0.7,11,1,1,0,1,30,"enable"
"712",0.7,11,1,1,0,1,31,"cause"
"713",0.7,11,1,1,0,1,32,"cause"
"714",0.7,11,1,1,0,1,33,"affect"
"715",0.7,11,1,1,0,1,34,"affect"
"716",0.7,11,1,1,0,1,35,"enable"
"717",0.7,11,1,1,0,1,36,"enable"
"718",0.7,11,1,1,0,1,37,"affect"
"719",0.7,11,1,1,0,1,38,"cause"
"720",0.7,11,1,1,0,1,39,"enable"
"721",0.7,11,1,1,0,1,40,"enable"
"722",0.7,11,1,1,0,1,41,"no_difference"
"723",0.7,11,1,1,0,1,42,"affect"
"724",0.7,11,1,1,0,1,43,"enable"
"725",0.7,11,1,1,0,1,44,"enable"
"726",0.7,11,1,1,0,1,45,"cause"
"727",0.7,11,1,1,0,1,46,"affect"
"728",0.7,11,1,1,0,1,47,"enable"
"729",0.7,11,1,1,0,1,48,"cause"
"730",0.7,11,1,1,0,1,49,"affect"
"731",0.7,11,1,1,0,1,50,"enable"
"732",0.7,11,1,1,0,1,51,"enable"
"733",0.7,11,1,1,0,1,52,"enable"
"734",0.7,11,1,1,0,1,53,"enable"
"735",0.7,11,1,1,0,1,54,"affect"
"736",0.7,11,1,1,0,1,55,"enable"
"737",0.7,11,1,1,0,1,56,"enable"
"738",0.7,11,1,1,0,1,57,"enable"
"739",0.7,11,1,1,0,1,58,"enable"
"740",0.7,11,1,1,0,1,59,"cause"
"741",0.7,11,1,1,0,1,60,"enable"
"742",0.7,11,1,1,0,1,61,"enable"
"743",0.7,11,1,1,0,1,62,"enable"
"744",0.7,11,1,1,0,1,63,"cause"
"745",0.7,12,1,1,1,1,1,"cause"
"746",0.7,12,1,1,1,1,2,"cause"
"747",0.7,12,1,1,1,1,3,"cause"
"748",0.7,12,1,1,1,1,4,"cause"
"749",0.7,12,1,1,1,1,5,"cause"
"750",0.7,12,1,1,1,1,6,"cause"
"751",0.7,12,1,1,1,1,7,"enable"
"752",0.7,12,1,1,1,1,8,"cause"
"753",0.7,12,1,1,1,1,9,"cause"
"754",0.7,12,1,1,1,1,10,"cause"
"755",0.7,12,1,1,1,1,11,"cause"
"756",0.7,12,1,1,1,1,12,"cause"
"757",0.7,12,1,1,1,1,13,"cause"
"758",0.7,12,1,1,1,1,14,"cause"
"759",0.7,12,1,1,1,1,15,"cause"
"760",0.7,12,1,1,1,1,16,"cause"
"761",0.7,12,1,1,1,1,17,"cause"
"762",0.7,12,1,1,1,1,18,"cause"
"763",0.7,12,1,1,1,1,19,"enable"
"764",0.7,12,1,1,1,1,20,"cause"
"765",0.7,12,1,1,1,1,21,"cause"
"766",0.7,12,1,1,1,1,22,"cause"
"767",0.7,12,1,1,1,1,23,"cause"
"768",0.7,12,1,1,1,1,24,"cause"
"769",0.7,12,1,1,1,1,25,"cause"
"770",0.7,12,1,1,1,1,26,"cause"
"771",0.7,12,1,1,1,1,27,"cause"
"772",0.7,12,1,1,1,1,28,"enable"
"773",0.7,12,1,1,1,1,30,"cause"
"774",0.7,12,1,1,1,1,31,"cause"
"775",0.7,12,1,1,1,1,32,"cause"
"776",0.7,12,1,1,1,1,33,"cause"
"777",0.7,12,1,1,1,1,34,"cause"
"778",0.7,12,1,1,1,1,35,"cause"
"779",0.7,12,1,1,1,1,36,"cause"
"780",0.7,12,1,1,1,1,37,"cause"
"781",0.7,12,1,1,1,1,38,"cause"
"782",0.7,12,1,1,1,1,39,"cause"
"783",0.7,12,1,1,1,1,40,"cause"
"784",0.7,12,1,1,1,1,41,"affect"
"785",0.7,12,1,1,1,1,42,"cause"
"786",0.7,12,1,1,1,1,43,"cause"
"787",0.7,12,1,1,1,1,44,"cause"
"788",0.7,12,1,1,1,1,45,"cause"
"789",0.7,12,1,1,1,1,46,"cause"
"790",0.7,12,1,1,1,1,47,"cause"
"791",0.7,12,1,1,1,1,48,"cause"
"792",0.7,12,1,1,1,1,49,"cause"
"793",0.7,12,1,1,1,1,50,"cause"
"794",0.7,12,1,1,1,1,51,"cause"
"795",0.7,12,1,1,1,1,52,"cause"
"796",0.7,12,1,1,1,1,53,"cause"
"797",0.7,12,1,1,1,1,54,"cause"
"798",0.7,12,1,1,1,1,55,"cause"
"799",0.7,12,1,1,1,1,56,"cause"
"800",0.7,12,1,1,1,1,57,"cause"
"801",0.7,12,1,1,1,1,58,"cause"
"802",0.7,12,1,1,1,1,59,"cause"
"803",0.7,12,1,1,1,1,60,"cause"
"804",0.7,12,1,1,1,1,61,"cause"
"805",0.7,12,1,1,1,1,62,"cause"
"806",0.7,12,1,1,1,1,63,"enable"
"807",0.7,13,1,1,1,1,1,"enable"
"808",0.7,13,1,1,1,1,2,"enable"
"809",0.7,13,1,1,1,1,3,"affect"
"810",0.7,13,1,1,1,1,4,"affect"
"811",0.7,13,1,1,1,1,5,"cause"
"812",0.7,13,1,1,1,1,6,"affect"
"813",0.7,13,1,1,1,1,7,"affect"
"814",0.7,13,1,1,1,1,8,"cause"
"815",0.7,13,1,1,1,1,9,"cause"
"816",0.7,13,1,1,1,1,10,"cause"
"817",0.7,13,1,1,1,1,11,"cause"
"818",0.7,13,1,1,1,1,12,"affect"
"819",0.7,13,1,1,1,1,13,"affect"
"820",0.7,13,1,1,1,1,14,"cause"
"821",0.7,13,1,1,1,1,15,"cause"
"822",0.7,13,1,1,1,1,16,"cause"
"823",0.7,13,1,1,1,1,17,"enable"
"824",0.7,13,1,1,1,1,18,"enable"
"825",0.7,13,1,1,1,1,19,"cause"
"826",0.7,13,1,1,1,1,20,"cause"
"827",0.7,13,1,1,1,1,21,"affect"
"828",0.7,13,1,1,1,1,22,"cause"
"829",0.7,13,1,1,1,1,23,"cause"
"830",0.7,13,1,1,1,1,24,"cause"
"831",0.7,13,1,1,1,1,25,"enable"
"832",0.7,13,1,1,1,1,26,"enable"
"833",0.7,13,1,1,1,1,27,"cause"
"834",0.7,13,1,1,1,1,28,"enable"
"835",0.7,13,1,1,1,1,30,"cause"
"836",0.7,13,1,1,1,1,31,"cause"
"837",0.7,13,1,1,1,1,32,"affect"
"838",0.7,13,1,1,1,1,33,"enable"
"839",0.7,13,1,1,1,1,34,"cause"
"840",0.7,13,1,1,1,1,35,"cause"
"841",0.7,13,1,1,1,1,36,"enable"
"842",0.7,13,1,1,1,1,37,"affect"
"843",0.7,13,1,1,1,1,38,"cause"
"844",0.7,13,1,1,1,1,39,"enable"
"845",0.7,13,1,1,1,1,40,"affect"
"846",0.7,13,1,1,1,1,41,"no_difference"
"847",0.7,13,1,1,1,1,42,"affect"
"848",0.7,13,1,1,1,1,43,"cause"
"849",0.7,13,1,1,1,1,44,"cause"
"850",0.7,13,1,1,1,1,45,"cause"
"851",0.7,13,1,1,1,1,46,"cause"
"852",0.7,13,1,1,1,1,47,"cause"
"853",0.7,13,1,1,1,1,48,"cause"
"854",0.7,13,1,1,1,1,49,"cause"
"855",0.7,13,1,1,1,1,50,"cause"
"856",0.7,13,1,1,1,1,51,"cause"
"857",0.7,13,1,1,1,1,52,"enable"
"858",0.7,13,1,1,1,1,53,"affect"
"859",0.7,13,1,1,1,1,54,"cause"
"860",0.7,13,1,1,1,1,55,"cause"
"861",0.7,13,1,1,1,1,56,"affect"
"862",0.7,13,1,1,1,1,57,"cause"
"863",0.7,13,1,1,1,1,58,"cause"
"864",0.7,13,1,1,1,1,59,"cause"
"865",0.7,13,1,1,1,1,60,"cause"
"866",0.7,13,1,1,1,1,61,"enable"
"867",0.7,13,1,1,1,1,62,"cause"
"868",0.7,13,1,1,1,1,63,"cause"
"869",0.7,14,1,1,1,0,1,"affect"
"870",0.7,14,1,1,1,0,2,"enable"
"871",0.7,14,1,1,1,0,3,"cause"
"872",0.7,14,1,1,1,0,4,"affect"
"873",0.7,14,1,1,1,0,5,"enable"
"874",0.7,14,1,1,1,0,6,"cause"
"875",0.7,14,1,1,1,0,7,"affect"
"876",0.7,14,1,1,1,0,8,"affect"
"877",0.7,14,1,1,1,0,9,"affect"
"878",0.7,14,1,1,1,0,10,"enable"
"879",0.7,14,1,1,1,0,11,"affect"
"880",0.7,14,1,1,1,0,12,"affect"
"881",0.7,14,1,1,1,0,13,"enable"
"882",0.7,14,1,1,1,0,14,"affect"
"883",0.7,14,1,1,1,0,15,"enable"
"884",0.7,14,1,1,1,0,16,"enable"
"885",0.7,14,1,1,1,0,17,"enable"
"886",0.7,14,1,1,1,0,18,"enable"
"887",0.7,14,1,1,1,0,19,"cause"
"888",0.7,14,1,1,1,0,20,"affect"
"889",0.7,14,1,1,1,0,21,"affect"
"890",0.7,14,1,1,1,0,22,"cause"
"891",0.7,14,1,1,1,0,23,"enable"
"892",0.7,14,1,1,1,0,24,"affect"
"893",0.7,14,1,1,1,0,25,"affect"
"894",0.7,14,1,1,1,0,26,"enable"
"895",0.7,14,1,1,1,0,27,"enable"
"896",0.7,14,1,1,1,0,28,"affect"
"897",0.7,14,1,1,1,0,30,"enable"
"898",0.7,14,1,1,1,0,31,"cause"
"899",0.7,14,1,1,1,0,32,"enable"
"900",0.7,14,1,1,1,0,33,"cause"
"901",0.7,14,1,1,1,0,34,"affect"
"902",0.7,14,1,1,1,0,35,"affect"
"903",0.7,14,1,1,1,0,36,"affect"
"904",0.7,14,1,1,1,0,37,"affect"
"905",0.7,14,1,1,1,0,38,"cause"
"906",0.7,14,1,1,1,0,39,"enable"
"907",0.7,14,1,1,1,0,40,"affect"
"908",0.7,14,1,1,1,0,41,"enable"
"909",0.7,14,1,1,1,0,42,"enable"
"910",0.7,14,1,1,1,0,43,"enable"
"911",0.7,14,1,1,1,0,44,"cause"
"912",0.7,14,1,1,1,0,45,"cause"
"913",0.7,14,1,1,1,0,46,"cause"
"914",0.7,14,1,1,1,0,47,"affect"
"915",0.7,14,1,1,1,0,48,"cause"
"916",0.7,14,1,1,1,0,49,"enable"
"917",0.7,14,1,1,1,0,50,"enable"
"918",0.7,14,1,1,1,0,51,"cause"
"919",0.7,14,1,1,1,0,52,"no_difference"
"920",0.7,14,1,1,1,0,53,"enable"
"921",0.7,14,1,1,1,0,54,"enable"
"922",0.7,14,1,1,1,0,55,"enable"
"923",0.7,14,1,1,1,0,56,"affect"
"924",0.7,14,1,1,1,0,57,"affect"
"925",0.7,14,1,1,1,0,58,"affect"
"926",0.7,14,1,1,1,0,59,"affect"
"927",0.7,14,1,1,1,0,60,"cause"
"928",0.7,14,1,1,1,0,61,"cause"
"929",0.7,14,1,1,1,0,62,"enable"
"930",0.7,14,1,1,1,0,63,"cause"
"931",0.7,15,1,1,0.999,1,1,"cause"
"932",0.7,15,1,1,0.999,1,2,"cause"
"933",0.7,15,1,1,0.999,1,3,"cause"
"934",0.7,15,1,1,0.999,1,4,"cause"
"935",0.7,15,1,1,0.999,1,5,"cause"
"936",0.7,15,1,1,0.999,1,6,"affect"
"937",0.7,15,1,1,0.999,1,7,"affect"
"938",0.7,15,1,1,0.999,1,8,"cause"
"939",0.7,15,1,1,0.999,1,9,"cause"
"940",0.7,15,1,1,0.999,1,10,"cause"
"941",0.7,15,1,1,0.999,1,11,"cause"
"942",0.7,15,1,1,0.999,1,12,"cause"
"943",0.7,15,1,1,0.999,1,13,"enable"
"944",0.7,15,1,1,0.999,1,14,"cause"
"945",0.7,15,1,1,0.999,1,15,"cause"
"946",0.7,15,1,1,0.999,1,16,"affect"
"947",0.7,15,1,1,0.999,1,17,"cause"
"948",0.7,15,1,1,0.999,1,18,"cause"
"949",0.7,15,1,1,0.999,1,19,"affect"
"950",0.7,15,1,1,0.999,1,20,"affect"
"951",0.7,15,1,1,0.999,1,21,"cause"
"952",0.7,15,1,1,0.999,1,22,"cause"
"953",0.7,15,1,1,0.999,1,23,"cause"
"954",0.7,15,1,1,0.999,1,24,"affect"
"955",0.7,15,1,1,0.999,1,25,"enable"
"956",0.7,15,1,1,0.999,1,26,"cause"
"957",0.7,15,1,1,0.999,1,27,"affect"
"958",0.7,15,1,1,0.999,1,28,"enable"
"959",0.7,15,1,1,0.999,1,30,"cause"
"960",0.7,15,1,1,0.999,1,31,"cause"
"961",0.7,15,1,1,0.999,1,32,"cause"
"962",0.7,15,1,1,0.999,1,33,"cause"
"963",0.7,15,1,1,0.999,1,34,"cause"
"964",0.7,15,1,1,0.999,1,35,"cause"
"965",0.7,15,1,1,0.999,1,36,"enable"
"966",0.7,15,1,1,0.999,1,37,"affect"
"967",0.7,15,1,1,0.999,1,38,"cause"
"968",0.7,15,1,1,0.999,1,39,"cause"
"969",0.7,15,1,1,0.999,1,40,"enable"
"970",0.7,15,1,1,0.999,1,41,"enable"
"971",0.7,15,1,1,0.999,1,42,"cause"
"972",0.7,15,1,1,0.999,1,43,"cause"
"973",0.7,15,1,1,0.999,1,44,"cause"
"974",0.7,15,1,1,0.999,1,45,"cause"
"975",0.7,15,1,1,0.999,1,46,"cause"
"976",0.7,15,1,1,0.999,1,47,"affect"
"977",0.7,15,1,1,0.999,1,48,"affect"
"978",0.7,15,1,1,0.999,1,49,"cause"
"979",0.7,15,1,1,0.999,1,50,"affect"
"980",0.7,15,1,1,0.999,1,51,"cause"
"981",0.7,15,1,1,0.999,1,52,"enable"
"982",0.7,15,1,1,0.999,1,53,"enable"
"983",0.7,15,1,1,0.999,1,54,"affect"
"984",0.7,15,1,1,0.999,1,55,"cause"
"985",0.7,15,1,1,0.999,1,56,"cause"
"986",0.7,15,1,1,0.999,1,57,"cause"
"987",0.7,15,1,1,0.999,1,58,"enable"
"988",0.7,15,1,1,0.999,1,59,"cause"
"989",0.7,15,1,1,0.999,1,60,"cause"
"990",0.7,15,1,1,0.999,1,61,"cause"
"991",0.7,15,1,1,0.999,1,62,"cause"
"992",0.7,15,1,1,0.999,1,63,"cause"
"993",0.7,16,1,1,0,1,1,"cause"
"994",0.7,16,1,1,0,1,2,"cause"
"995",0.7,16,1,1,0,1,3,"enable"
"996",0.7,16,1,1,0,1,4,"cause"
"997",0.7,16,1,1,0,1,5,"cause"
"998",0.7,16,1,1,0,1,6,"affect"
"999",0.7,16,1,1,0,1,7,"affect"
"1000",0.7,16,1,1,0,1,8,"cause"
"1001",0.7,16,1,1,0,1,9,"cause"
"1002",0.7,16,1,1,0,1,10,"cause"
"1003",0.7,16,1,1,0,1,11,"affect"
"1004",0.7,16,1,1,0,1,12,"affect"
"1005",0.7,16,1,1,0,1,13,"enable"
"1006",0.7,16,1,1,0,1,14,"cause"
"1007",0.7,16,1,1,0,1,15,"cause"
"1008",0.7,16,1,1,0,1,16,"cause"
"1009",0.7,16,1,1,0,1,17,"affect"
"1010",0.7,16,1,1,0,1,18,"cause"
"1011",0.7,16,1,1,0,1,19,"affect"
"1012",0.7,16,1,1,0,1,20,"cause"
"1013",0.7,16,1,1,0,1,21,"cause"
"1014",0.7,16,1,1,0,1,22,"cause"
"1015",0.7,16,1,1,0,1,23,"cause"
"1016",0.7,16,1,1,0,1,24,"cause"
"1017",0.7,16,1,1,0,1,25,"cause"
"1018",0.7,16,1,1,0,1,26,"affect"
"1019",0.7,16,1,1,0,1,27,"enable"
"1020",0.7,16,1,1,0,1,28,"enable"
"1021",0.7,16,1,1,0,1,30,"cause"
"1022",0.7,16,1,1,0,1,31,"cause"
"1023",0.7,16,1,1,0,1,32,"cause"
"1024",0.7,16,1,1,0,1,33,"cause"
"1025",0.7,16,1,1,0,1,34,"cause"
"1026",0.7,16,1,1,0,1,35,"cause"
"1027",0.7,16,1,1,0,1,36,"cause"
"1028",0.7,16,1,1,0,1,37,"cause"
"1029",0.7,16,1,1,0,1,38,"cause"
"1030",0.7,16,1,1,0,1,39,"cause"
"1031",0.7,16,1,1,0,1,40,"cause"
"1032",0.7,16,1,1,0,1,41,"no_difference"
"1033",0.7,16,1,1,0,1,42,"affect"
"1034",0.7,16,1,1,0,1,43,"cause"
"1035",0.7,16,1,1,0,1,44,"enable"
"1036",0.7,16,1,1,0,1,45,"cause"
"1037",0.7,16,1,1,0,1,46,"cause"
"1038",0.7,16,1,1,0,1,47,"cause"
"1039",0.7,16,1,1,0,1,48,"enable"
"1040",0.7,16,1,1,0,1,49,"cause"
"1041",0.7,16,1,1,0,1,50,"cause"
"1042",0.7,16,1,1,0,1,51,"cause"
"1043",0.7,16,1,1,0,1,52,"cause"
"1044",0.7,16,1,1,0,1,53,"cause"
"1045",0.7,16,1,1,0,1,54,"cause"
"1046",0.7,16,1,1,0,1,55,"cause"
"1047",0.7,16,1,1,0,1,56,"cause"
"1048",0.7,16,1,1,0,1,57,"cause"
"1049",0.7,16,1,1,0,1,58,"enable"
"1050",0.7,16,1,1,0,1,59,"cause"
"1051",0.7,16,1,1,0,1,60,"cause"
"1052",0.7,16,1,1,0,1,61,"cause"
"1053",0.7,16,1,1,0,1,62,"cause"
"1054",0.7,16,1,1,0,1,63,"cause"
"1055",0.7,17,0.249,1,0.018,0,1,"affect"
"1056",0.7,17,0.249,1,0.018,0,2,"enable"
"1057",0.7,17,0.249,1,0.018,0,3,"affect"
"1058",0.7,17,0.249,1,0.018,0,4,"affect"
"1059",0.7,17,0.249,1,0.018,0,5,"affect"
"1060",0.7,17,0.249,1,0.018,0,6,"no_difference"
"1061",0.7,17,0.249,1,0.018,0,7,"affect"
"1062",0.7,17,0.249,1,0.018,0,8,"affect"
"1063",0.7,17,0.249,1,0.018,0,9,"affect"
"1064",0.7,17,0.249,1,0.018,0,10,"affect"
"1065",0.7,17,0.249,1,0.018,0,11,"cause"
"1066",0.7,17,0.249,1,0.018,0,12,"affect"
"1067",0.7,17,0.249,1,0.018,0,13,"enable"
"1068",0.7,17,0.249,1,0.018,0,14,"affect"
"1069",0.7,17,0.249,1,0.018,0,15,"affect"
"1070",0.7,17,0.249,1,0.018,0,16,"enable"
"1071",0.7,17,0.249,1,0.018,0,17,"no_difference"
"1072",0.7,17,0.249,1,0.018,0,18,"affect"
"1073",0.7,17,0.249,1,0.018,0,19,"no_difference"
"1074",0.7,17,0.249,1,0.018,0,20,"enable"
"1075",0.7,17,0.249,1,0.018,0,21,"enable"
"1076",0.7,17,0.249,1,0.018,0,22,"affect"
"1077",0.7,17,0.249,1,0.018,0,23,"affect"
"1078",0.7,17,0.249,1,0.018,0,24,"enable"
"1079",0.7,17,0.249,1,0.018,0,25,"affect"
"1080",0.7,17,0.249,1,0.018,0,26,"affect"
"1081",0.7,17,0.249,1,0.018,0,27,"affect"
"1082",0.7,17,0.249,1,0.018,0,28,"cause"
"1083",0.7,17,0.249,1,0.018,0,30,"affect"
"1084",0.7,17,0.249,1,0.018,0,31,"cause"
"1085",0.7,17,0.249,1,0.018,0,32,"affect"
"1086",0.7,17,0.249,1,0.018,0,33,"no_difference"
"1087",0.7,17,0.249,1,0.018,0,34,"affect"
"1088",0.7,17,0.249,1,0.018,0,35,"affect"
"1089",0.7,17,0.249,1,0.018,0,36,"enable"
"1090",0.7,17,0.249,1,0.018,0,37,"affect"
"1091",0.7,17,0.249,1,0.018,0,38,"affect"
"1092",0.7,17,0.249,1,0.018,0,39,"affect"
"1093",0.7,17,0.249,1,0.018,0,40,"cause"
"1094",0.7,17,0.249,1,0.018,0,41,"affect"
"1095",0.7,17,0.249,1,0.018,0,42,"affect"
"1096",0.7,17,0.249,1,0.018,0,43,"affect"
"1097",0.7,17,0.249,1,0.018,0,44,"affect"
"1098",0.7,17,0.249,1,0.018,0,45,"affect"
"1099",0.7,17,0.249,1,0.018,0,46,"affect"
"1100",0.7,17,0.249,1,0.018,0,47,"affect"
"1101",0.7,17,0.249,1,0.018,0,48,"affect"
"1102",0.7,17,0.249,1,0.018,0,49,"affect"
"1103",0.7,17,0.249,1,0.018,0,50,"enable"
"1104",0.7,17,0.249,1,0.018,0,51,"affect"
"1105",0.7,17,0.249,1,0.018,0,52,"no_difference"
"1106",0.7,17,0.249,1,0.018,0,53,"affect"
"1107",0.7,17,0.249,1,0.018,0,54,"affect"
"1108",0.7,17,0.249,1,0.018,0,55,"affect"
"1109",0.7,17,0.249,1,0.018,0,56,"no_difference"
"1110",0.7,17,0.249,1,0.018,0,57,"enable"
"1111",0.7,17,0.249,1,0.018,0,58,"affect"
"1112",0.7,17,0.249,1,0.018,0,59,"affect"
"1113",0.7,17,0.249,1,0.018,0,60,"affect"
"1114",0.7,17,0.249,1,0.018,0,61,"affect"
"1115",0.7,17,0.249,1,0.018,0,62,"enable"
"1116",0.7,17,0.249,1,0.018,0,63,"enable"
"1117",0.7,18,1,0,1,1,1,"enable"
"1118",0.7,18,1,0,1,1,2,"enable"
"1119",0.7,18,1,0,1,1,3,"enable"
"1120",0.7,18,1,0,1,1,4,"enable"
"1121",0.7,18,1,0,1,1,5,"enable"
"1122",0.7,18,1,0,1,1,6,"enable"
"1123",0.7,18,1,0,1,1,7,"affect"
"1124",0.7,18,1,0,1,1,8,"enable"
"1125",0.7,18,1,0,1,1,9,"enable"
"1126",0.7,18,1,0,1,1,10,"enable"
"1127",0.7,18,1,0,1,1,11,"enable"
"1128",0.7,18,1,0,1,1,12,"enable"
"1129",0.7,18,1,0,1,1,13,"enable"
"1130",0.7,18,1,0,1,1,14,"enable"
"1131",0.7,18,1,0,1,1,15,"enable"
"1132",0.7,18,1,0,1,1,16,"enable"
"1133",0.7,18,1,0,1,1,17,"enable"
"1134",0.7,18,1,0,1,1,18,"enable"
"1135",0.7,18,1,0,1,1,19,"cause"
"1136",0.7,18,1,0,1,1,20,"enable"
"1137",0.7,18,1,0,1,1,21,"enable"
"1138",0.7,18,1,0,1,1,22,"enable"
"1139",0.7,18,1,0,1,1,23,"enable"
"1140",0.7,18,1,0,1,1,24,"enable"
"1141",0.7,18,1,0,1,1,25,"enable"
"1142",0.7,18,1,0,1,1,26,"enable"
"1143",0.7,18,1,0,1,1,27,"enable"
"1144",0.7,18,1,0,1,1,28,"affect"
"1145",0.7,18,1,0,1,1,30,"no_difference"
"1146",0.7,18,1,0,1,1,31,"enable"
"1147",0.7,18,1,0,1,1,32,"enable"
"1148",0.7,18,1,0,1,1,33,"enable"
"1149",0.7,18,1,0,1,1,34,"enable"
"1150",0.7,18,1,0,1,1,35,"enable"
"1151",0.7,18,1,0,1,1,36,"enable"
"1152",0.7,18,1,0,1,1,37,"enable"
"1153",0.7,18,1,0,1,1,38,"enable"
"1154",0.7,18,1,0,1,1,39,"enable"
"1155",0.7,18,1,0,1,1,40,"enable"
"1156",0.7,18,1,0,1,1,41,"no_difference"
"1157",0.7,18,1,0,1,1,42,"enable"
"1158",0.7,18,1,0,1,1,43,"enable"
"1159",0.7,18,1,0,1,1,44,"enable"
"1160",0.7,18,1,0,1,1,45,"enable"
"1161",0.7,18,1,0,1,1,46,"enable"
"1162",0.7,18,1,0,1,1,47,"enable"
"1163",0.7,18,1,0,1,1,48,"enable"
"1164",0.7,18,1,0,1,1,49,"enable"
"1165",0.7,18,1,0,1,1,50,"enable"
"1166",0.7,18,1,0,1,1,51,"enable"
"1167",0.7,18,1,0,1,1,52,"cause"
"1168",0.7,18,1,0,1,1,53,"enable"
"1169",0.7,18,1,0,1,1,54,"enable"
"1170",0.7,18,1,0,1,1,55,"enable"
"1171",0.7,18,1,0,1,1,56,"cause"
"1172",0.7,18,1,0,1,1,57,"enable"
"1173",0.7,18,1,0,1,1,58,"enable"
"1174",0.7,18,1,0,1,1,59,"enable"
"1175",0.7,18,1,0,1,1,60,"enable"
"1176",0.7,18,1,0,1,1,61,"enable"
"1177",0.7,18,1,0,1,1,62,"enable"
"1178",0.7,18,1,0,1,1,63,"enable"
"1179",0.7,19,0.989,1,0.007,1,1,"enable"
"1180",0.7,19,0.989,1,0.007,1,2,"cause"
"1181",0.7,19,0.989,1,0.007,1,3,"affect"
"1182",0.7,19,0.989,1,0.007,1,4,"affect"
"1183",0.7,19,0.989,1,0.007,1,5,"cause"
"1184",0.7,19,0.989,1,0.007,1,6,"affect"
"1185",0.7,19,0.989,1,0.007,1,7,"enable"
"1186",0.7,19,0.989,1,0.007,1,8,"enable"
"1187",0.7,19,0.989,1,0.007,1,9,"cause"
"1188",0.7,19,0.989,1,0.007,1,10,"affect"
"1189",0.7,19,0.989,1,0.007,1,11,"affect"
"1190",0.7,19,0.989,1,0.007,1,12,"affect"
"1191",0.7,19,0.989,1,0.007,1,13,"affect"
"1192",0.7,19,0.989,1,0.007,1,14,"affect"
"1193",0.7,19,0.989,1,0.007,1,15,"cause"
"1194",0.7,19,0.989,1,0.007,1,16,"enable"
"1195",0.7,19,0.989,1,0.007,1,17,"affect"
"1196",0.7,19,0.989,1,0.007,1,18,"enable"
"1197",0.7,19,0.989,1,0.007,1,19,"cause"
"1198",0.7,19,0.989,1,0.007,1,20,"affect"
"1199",0.7,19,0.989,1,0.007,1,21,"enable"
"1200",0.7,19,0.989,1,0.007,1,22,"cause"
"1201",0.7,19,0.989,1,0.007,1,23,"enable"
"1202",0.7,19,0.989,1,0.007,1,24,"enable"
"1203",0.7,19,0.989,1,0.007,1,25,"no_difference"
"1204",0.7,19,0.989,1,0.007,1,26,"affect"
"1205",0.7,19,0.989,1,0.007,1,27,"affect"
"1206",0.7,19,0.989,1,0.007,1,28,"cause"
"1207",0.7,19,0.989,1,0.007,1,30,"no_difference"
"1208",0.7,19,0.989,1,0.007,1,31,"cause"
"1209",0.7,19,0.989,1,0.007,1,32,"enable"
"1210",0.7,19,0.989,1,0.007,1,33,"affect"
"1211",0.7,19,0.989,1,0.007,1,34,"enable"
"1212",0.7,19,0.989,1,0.007,1,35,"enable"
"1213",0.7,19,0.989,1,0.007,1,36,"no_difference"
"1214",0.7,19,0.989,1,0.007,1,37,"affect"
"1215",0.7,19,0.989,1,0.007,1,38,"affect"
"1216",0.7,19,0.989,1,0.007,1,39,"enable"
"1217",0.7,19,0.989,1,0.007,1,40,"cause"
"1218",0.7,19,0.989,1,0.007,1,41,"affect"
"1219",0.7,19,0.989,1,0.007,1,42,"affect"
"1220",0.7,19,0.989,1,0.007,1,43,"affect"
"1221",0.7,19,0.989,1,0.007,1,44,"enable"
"1222",0.7,19,0.989,1,0.007,1,45,"cause"
"1223",0.7,19,0.989,1,0.007,1,46,"affect"
"1224",0.7,19,0.989,1,0.007,1,47,"no_difference"
"1225",0.7,19,0.989,1,0.007,1,48,"cause"
"1226",0.7,19,0.989,1,0.007,1,49,"enable"
"1227",0.7,19,0.989,1,0.007,1,50,"enable"
"1228",0.7,19,0.989,1,0.007,1,51,"enable"
"1229",0.7,19,0.989,1,0.007,1,52,"cause"
"1230",0.7,19,0.989,1,0.007,1,53,"affect"
"1231",0.7,19,0.989,1,0.007,1,54,"affect"
"1232",0.7,19,0.989,1,0.007,1,55,"enable"
"1233",0.7,19,0.989,1,0.007,1,56,"no_difference"
"1234",0.7,19,0.989,1,0.007,1,57,"cause"
"1235",0.7,19,0.989,1,0.007,1,58,"cause"
"1236",0.7,19,0.989,1,0.007,1,59,"cause"
"1237",0.7,19,0.989,1,0.007,1,60,"enable"
"1238",0.7,19,0.989,1,0.007,1,61,"affect"
"1239",0.7,19,0.989,1,0.007,1,62,"no_difference"
"1240",0.7,19,0.989,1,0.007,1,63,"cause"
"1241",0.7,20,0.131,1,0.133,1,1,"affect"
"1242",0.7,20,0.131,1,0.133,1,2,"affect"
"1243",0.7,20,0.131,1,0.133,1,3,"affect"
"1244",0.7,20,0.131,1,0.133,1,4,"no_difference"
"1245",0.7,20,0.131,1,0.133,1,5,"affect"
"1246",0.7,20,0.131,1,0.133,1,6,"enable"
"1247",0.7,20,0.131,1,0.133,1,7,"enable"
"1248",0.7,20,0.131,1,0.133,1,8,"affect"
"1249",0.7,20,0.131,1,0.133,1,9,"affect"
"1250",0.7,20,0.131,1,0.133,1,10,"affect"
"1251",0.7,20,0.131,1,0.133,1,11,"affect"
"1252",0.7,20,0.131,1,0.133,1,12,"affect"
"1253",0.7,20,0.131,1,0.133,1,13,"no_difference"
"1254",0.7,20,0.131,1,0.133,1,14,"affect"
"1255",0.7,20,0.131,1,0.133,1,15,"no_difference"
"1256",0.7,20,0.131,1,0.133,1,16,"affect"
"1257",0.7,20,0.131,1,0.133,1,17,"affect"
"1258",0.7,20,0.131,1,0.133,1,18,"no_difference"
"1259",0.7,20,0.131,1,0.133,1,19,"enable"
"1260",0.7,20,0.131,1,0.133,1,20,"affect"
"1261",0.7,20,0.131,1,0.133,1,21,"enable"
"1262",0.7,20,0.131,1,0.133,1,22,"cause"
"1263",0.7,20,0.131,1,0.133,1,23,"cause"
"1264",0.7,20,0.131,1,0.133,1,24,"affect"
"1265",0.7,20,0.131,1,0.133,1,25,"affect"
"1266",0.7,20,0.131,1,0.133,1,26,"no_difference"
"1267",0.7,20,0.131,1,0.133,1,27,"affect"
"1268",0.7,20,0.131,1,0.133,1,28,"affect"
"1269",0.7,20,0.131,1,0.133,1,30,"affect"
"1270",0.7,20,0.131,1,0.133,1,31,"cause"
"1271",0.7,20,0.131,1,0.133,1,32,"cause"
"1272",0.7,20,0.131,1,0.133,1,33,"cause"
"1273",0.7,20,0.131,1,0.133,1,34,"affect"
"1274",0.7,20,0.131,1,0.133,1,35,"cause"
"1275",0.7,20,0.131,1,0.133,1,36,"affect"
"1276",0.7,20,0.131,1,0.133,1,37,"cause"
"1277",0.7,20,0.131,1,0.133,1,38,"affect"
"1278",0.7,20,0.131,1,0.133,1,39,"affect"
"1279",0.7,20,0.131,1,0.133,1,40,"cause"
"1280",0.7,20,0.131,1,0.133,1,41,"no_difference"
"1281",0.7,20,0.131,1,0.133,1,42,"cause"
"1282",0.7,20,0.131,1,0.133,1,43,"affect"
"1283",0.7,20,0.131,1,0.133,1,44,"affect"
"1284",0.7,20,0.131,1,0.133,1,45,"affect"
"1285",0.7,20,0.131,1,0.133,1,46,"affect"
"1286",0.7,20,0.131,1,0.133,1,47,"affect"
"1287",0.7,20,0.131,1,0.133,1,48,"affect"
"1288",0.7,20,0.131,1,0.133,1,49,"no_difference"
"1289",0.7,20,0.131,1,0.133,1,50,"affect"
"1290",0.7,20,0.131,1,0.133,1,51,"affect"
"1291",0.7,20,0.131,1,0.133,1,52,"no_difference"
"1292",0.7,20,0.131,1,0.133,1,53,"no_difference"
"1293",0.7,20,0.131,1,0.133,1,54,"no_difference"
"1294",0.7,20,0.131,1,0.133,1,55,"cause"
"1295",0.7,20,0.131,1,0.133,1,56,"affect"
"1296",0.7,20,0.131,1,0.133,1,57,"affect"
"1297",0.7,20,0.131,1,0.133,1,58,"affect"
"1298",0.7,20,0.131,1,0.133,1,59,"affect"
"1299",0.7,20,0.131,1,0.133,1,60,"affect"
"1300",0.7,20,0.131,1,0.133,1,61,"affect"
"1301",0.7,20,0.131,1,0.133,1,62,"no_difference"
"1302",0.7,20,0.131,1,0.133,1,63,"cause"
"1303",0.7,21,1,1,1,0,1,"enable"
"1304",0.7,21,1,1,1,0,2,"enable"
"1305",0.7,21,1,1,1,0,3,"affect"
"1306",0.7,21,1,1,1,0,4,"enable"
"1307",0.7,21,1,1,1,0,5,"enable"
"1308",0.7,21,1,1,1,0,6,"cause"
"1309",0.7,21,1,1,1,0,7,"enable"
"1310",0.7,21,1,1,1,0,8,"enable"
"1311",0.7,21,1,1,1,0,9,"enable"
"1312",0.7,21,1,1,1,0,10,"enable"
"1313",0.7,21,1,1,1,0,11,"affect"
"1314",0.7,21,1,1,1,0,12,"enable"
"1315",0.7,21,1,1,1,0,13,"affect"
"1316",0.7,21,1,1,1,0,14,"enable"
"1317",0.7,21,1,1,1,0,15,"enable"
"1318",0.7,21,1,1,1,0,16,"cause"
"1319",0.7,21,1,1,1,0,17,"no_difference"
"1320",0.7,21,1,1,1,0,18,"enable"
"1321",0.7,21,1,1,1,0,19,"no_difference"
"1322",0.7,21,1,1,1,0,20,"affect"
"1323",0.7,21,1,1,1,0,21,"enable"
"1324",0.7,21,1,1,1,0,22,"affect"
"1325",0.7,21,1,1,1,0,23,"affect"
"1326",0.7,21,1,1,1,0,24,"enable"
"1327",0.7,21,1,1,1,0,25,"cause"
"1328",0.7,21,1,1,1,0,26,"affect"
"1329",0.7,21,1,1,1,0,27,"affect"
"1330",0.7,21,1,1,1,0,28,"cause"
"1331",0.7,21,1,1,1,0,30,"enable"
"1332",0.7,21,1,1,1,0,31,"cause"
"1333",0.7,21,1,1,1,0,32,"enable"
"1334",0.7,21,1,1,1,0,33,"enable"
"1335",0.7,21,1,1,1,0,34,"affect"
"1336",0.7,21,1,1,1,0,35,"enable"
"1337",0.7,21,1,1,1,0,36,"enable"
"1338",0.7,21,1,1,1,0,37,"affect"
"1339",0.7,21,1,1,1,0,38,"cause"
"1340",0.7,21,1,1,1,0,39,"enable"
"1341",0.7,21,1,1,1,0,40,"enable"
"1342",0.7,21,1,1,1,0,41,"affect"
"1343",0.7,21,1,1,1,0,42,"affect"
"1344",0.7,21,1,1,1,0,43,"cause"
"1345",0.7,21,1,1,1,0,44,"enable"
"1346",0.7,21,1,1,1,0,45,"cause"
"1347",0.7,21,1,1,1,0,46,"cause"
"1348",0.7,21,1,1,1,0,47,"cause"
"1349",0.7,21,1,1,1,0,48,"affect"
"1350",0.7,21,1,1,1,0,49,"cause"
"1351",0.7,21,1,1,1,0,50,"enable"
"1352",0.7,21,1,1,1,0,51,"cause"
"1353",0.7,21,1,1,1,0,52,"enable"
"1354",0.7,21,1,1,1,0,53,"enable"
"1355",0.7,21,1,1,1,0,54,"enable"
"1356",0.7,21,1,1,1,0,55,"enable"
"1357",0.7,21,1,1,1,0,56,"affect"
"1358",0.7,21,1,1,1,0,57,"enable"
"1359",0.7,21,1,1,1,0,58,"cause"
"1360",0.7,21,1,1,1,0,59,"affect"
"1361",0.7,21,1,1,1,0,60,"cause"
"1362",0.7,21,1,1,1,0,61,"enable"
"1363",0.7,21,1,1,1,0,62,"enable"
"1364",0.7,21,1,1,1,0,63,"cause"
"1365",0.7,22,0,0,0,1,1,"no_difference"
"1366",0.7,22,0,0,0,1,2,"no_difference"
"1367",0.7,22,0,0,0,1,3,"no_difference"
"1368",0.7,22,0,0,0,1,4,"no_difference"
"1369",0.7,22,0,0,0,1,5,"no_difference"
"1370",0.7,22,0,0,0,1,6,"no_difference"
"1371",0.7,22,0,0,0,1,7,"no_difference"
"1372",0.7,22,0,0,0,1,8,"no_difference"
"1373",0.7,22,0,0,0,1,9,"no_difference"
"1374",0.7,22,0,0,0,1,10,"no_difference"
"1375",0.7,22,0,0,0,1,11,"no_difference"
"1376",0.7,22,0,0,0,1,12,"no_difference"
"1377",0.7,22,0,0,0,1,13,"no_difference"
"1378",0.7,22,0,0,0,1,14,"no_difference"
"1379",0.7,22,0,0,0,1,15,"no_difference"
"1380",0.7,22,0,0,0,1,16,"no_difference"
"1381",0.7,22,0,0,0,1,17,"no_difference"
"1382",0.7,22,0,0,0,1,18,"no_difference"
"1383",0.7,22,0,0,0,1,19,"no_difference"
"1384",0.7,22,0,0,0,1,20,"no_difference"
"1385",0.7,22,0,0,0,1,21,"no_difference"
"1386",0.7,22,0,0,0,1,22,"no_difference"
"1387",0.7,22,0,0,0,1,23,"no_difference"
"1388",0.7,22,0,0,0,1,24,"no_difference"
"1389",0.7,22,0,0,0,1,25,"no_difference"
"1390",0.7,22,0,0,0,1,26,"no_difference"
"1391",0.7,22,0,0,0,1,27,"no_difference"
"1392",0.7,22,0,0,0,1,28,"no_difference"
"1393",0.7,22,0,0,0,1,30,"no_difference"
"1394",0.7,22,0,0,0,1,31,"no_difference"
"1395",0.7,22,0,0,0,1,32,"no_difference"
"1396",0.7,22,0,0,0,1,33,"no_difference"
"1397",0.7,22,0,0,0,1,34,"no_difference"
"1398",0.7,22,0,0,0,1,35,"no_difference"
"1399",0.7,22,0,0,0,1,36,"no_difference"
"1400",0.7,22,0,0,0,1,37,"no_difference"
"1401",0.7,22,0,0,0,1,38,"no_difference"
"1402",0.7,22,0,0,0,1,39,"no_difference"
"1403",0.7,22,0,0,0,1,40,"no_difference"
"1404",0.7,22,0,0,0,1,41,"enable"
"1405",0.7,22,0,0,0,1,42,"no_difference"
"1406",0.7,22,0,0,0,1,43,"no_difference"
"1407",0.7,22,0,0,0,1,44,"no_difference"
"1408",0.7,22,0,0,0,1,45,"no_difference"
"1409",0.7,22,0,0,0,1,46,"no_difference"
"1410",0.7,22,0,0,0,1,47,"no_difference"
"1411",0.7,22,0,0,0,1,48,"no_difference"
"1412",0.7,22,0,0,0,1,49,"no_difference"
"1413",0.7,22,0,0,0,1,50,"no_difference"
"1414",0.7,22,0,0,0,1,51,"no_difference"
"1415",0.7,22,0,0,0,1,52,"no_difference"
"1416",0.7,22,0,0,0,1,53,"no_difference"
"1417",0.7,22,0,0,0,1,54,"no_difference"
"1418",0.7,22,0,0,0,1,55,"no_difference"
"1419",0.7,22,0,0,0,1,56,"no_difference"
"1420",0.7,22,0,0,0,1,57,"no_difference"
"1421",0.7,22,0,0,0,1,58,"no_difference"
"1422",0.7,22,0,0,0,1,59,"no_difference"
"1423",0.7,22,0,0,0,1,60,"no_difference"
"1424",0.7,22,0,0,0,1,61,"no_difference"
"1425",0.7,22,0,0,0,1,62,"no_difference"
"1426",0.7,22,0,0,0,1,63,"no_difference"
"1427",0.7,23,0,0,0,1,1,"no_difference"
"1428",0.7,23,0,0,0,1,2,"no_difference"
"1429",0.7,23,0,0,0,1,3,"no_difference"
"1430",0.7,23,0,0,0,1,4,"no_difference"
"1431",0.7,23,0,0,0,1,5,"no_difference"
"1432",0.7,23,0,0,0,1,6,"no_difference"
"1433",0.7,23,0,0,0,1,7,"no_difference"
"1434",0.7,23,0,0,0,1,8,"no_difference"
"1435",0.7,23,0,0,0,1,9,"no_difference"
"1436",0.7,23,0,0,0,1,10,"no_difference"
"1437",0.7,23,0,0,0,1,11,"no_difference"
"1438",0.7,23,0,0,0,1,12,"no_difference"
"1439",0.7,23,0,0,0,1,13,"no_difference"
"1440",0.7,23,0,0,0,1,14,"no_difference"
"1441",0.7,23,0,0,0,1,15,"no_difference"
"1442",0.7,23,0,0,0,1,16,"no_difference"
"1443",0.7,23,0,0,0,1,17,"no_difference"
"1444",0.7,23,0,0,0,1,18,"no_difference"
"1445",0.7,23,0,0,0,1,19,"no_difference"
"1446",0.7,23,0,0,0,1,20,"no_difference"
"1447",0.7,23,0,0,0,1,21,"no_difference"
"1448",0.7,23,0,0,0,1,22,"no_difference"
"1449",0.7,23,0,0,0,1,23,"no_difference"
"1450",0.7,23,0,0,0,1,24,"no_difference"
"1451",0.7,23,0,0,0,1,25,"no_difference"
"1452",0.7,23,0,0,0,1,26,"no_difference"
"1453",0.7,23,0,0,0,1,27,"no_difference"
"1454",0.7,23,0,0,0,1,28,"cause"
"1455",0.7,23,0,0,0,1,30,"no_difference"
"1456",0.7,23,0,0,0,1,31,"no_difference"
"1457",0.7,23,0,0,0,1,32,"no_difference"
"1458",0.7,23,0,0,0,1,33,"no_difference"
"1459",0.7,23,0,0,0,1,34,"no_difference"
"1460",0.7,23,0,0,0,1,35,"no_difference"
"1461",0.7,23,0,0,0,1,36,"no_difference"
"1462",0.7,23,0,0,0,1,37,"no_difference"
"1463",0.7,23,0,0,0,1,38,"no_difference"
"1464",0.7,23,0,0,0,1,39,"no_difference"
"1465",0.7,23,0,0,0,1,40,"no_difference"
"1466",0.7,23,0,0,0,1,41,"no_difference"
"1467",0.7,23,0,0,0,1,42,"no_difference"
"1468",0.7,23,0,0,0,1,43,"no_difference"
"1469",0.7,23,0,0,0,1,44,"no_difference"
"1470",0.7,23,0,0,0,1,45,"no_difference"
"1471",0.7,23,0,0,0,1,46,"no_difference"
"1472",0.7,23,0,0,0,1,47,"no_difference"
"1473",0.7,23,0,0,0,1,48,"no_difference"
"1474",0.7,23,0,0,0,1,49,"no_difference"
"1475",0.7,23,0,0,0,1,50,"no_difference"
"1476",0.7,23,0,0,0,1,51,"no_difference"
"1477",0.7,23,0,0,0,1,52,"enable"
"1478",0.7,23,0,0,0,1,53,"no_difference"
"1479",0.7,23,0,0,0,1,54,"no_difference"
"1480",0.7,23,0,0,0,1,55,"no_difference"
"1481",0.7,23,0,0,0,1,56,"no_difference"
"1482",0.7,23,0,0,0,1,57,"no_difference"
"1483",0.7,23,0,0,0,1,58,"no_difference"
"1484",0.7,23,0,0,0,1,59,"no_difference"
"1485",0.7,23,0,0,0,1,60,"no_difference"
"1486",0.7,23,0,0,0,1,61,"no_difference"
"1487",0.7,23,0,0,0,1,62,"no_difference"
"1488",0.7,23,0,0,0,1,63,"no_difference"
"1489",0.7,24,1,1,0.376,1,1,"affect"
"1490",0.7,24,1,1,0.376,1,2,"enable"
"1491",0.7,24,1,1,0.376,1,3,"affect"
"1492",0.7,24,1,1,0.376,1,4,"affect"
"1493",0.7,24,1,1,0.376,1,5,"no_difference"
"1494",0.7,24,1,1,0.376,1,6,"enable"
"1495",0.7,24,1,1,0.376,1,7,"affect"
"1496",0.7,24,1,1,0.376,1,8,"cause"
"1497",0.7,24,1,1,0.376,1,9,"enable"
"1498",0.7,24,1,1,0.376,1,10,"cause"
"1499",0.7,24,1,1,0.376,1,11,"enable"
"1500",0.7,24,1,1,0.376,1,12,"affect"
"1501",0.7,24,1,1,0.376,1,13,"affect"
"1502",0.7,24,1,1,0.376,1,14,"affect"
"1503",0.7,24,1,1,0.376,1,15,"cause"
"1504",0.7,24,1,1,0.376,1,16,"affect"
"1505",0.7,24,1,1,0.376,1,17,"affect"
"1506",0.7,24,1,1,0.376,1,18,"affect"
"1507",0.7,24,1,1,0.376,1,19,"cause"
"1508",0.7,24,1,1,0.376,1,20,"affect"
"1509",0.7,24,1,1,0.376,1,21,"cause"
"1510",0.7,24,1,1,0.376,1,22,"affect"
"1511",0.7,24,1,1,0.376,1,23,"enable"
"1512",0.7,24,1,1,0.376,1,24,"cause"
"1513",0.7,24,1,1,0.376,1,25,"enable"
"1514",0.7,24,1,1,0.376,1,26,"affect"
"1515",0.7,24,1,1,0.376,1,27,"enable"
"1516",0.7,24,1,1,0.376,1,28,"enable"
"1517",0.7,24,1,1,0.376,1,30,"affect"
"1518",0.7,24,1,1,0.376,1,31,"enable"
"1519",0.7,24,1,1,0.376,1,32,"enable"
"1520",0.7,24,1,1,0.376,1,33,"affect"
"1521",0.7,24,1,1,0.376,1,34,"affect"
"1522",0.7,24,1,1,0.376,1,35,"affect"
"1523",0.7,24,1,1,0.376,1,36,"cause"
"1524",0.7,24,1,1,0.376,1,37,"affect"
"1525",0.7,24,1,1,0.376,1,38,"affect"
"1526",0.7,24,1,1,0.376,1,39,"enable"
"1527",0.7,24,1,1,0.376,1,40,"enable"
"1528",0.7,24,1,1,0.376,1,41,"no_difference"
"1529",0.7,24,1,1,0.376,1,42,"affect"
"1530",0.7,24,1,1,0.376,1,43,"affect"
"1531",0.7,24,1,1,0.376,1,44,"affect"
"1532",0.7,24,1,1,0.376,1,45,"cause"
"1533",0.7,24,1,1,0.376,1,46,"affect"
"1534",0.7,24,1,1,0.376,1,47,"affect"
"1535",0.7,24,1,1,0.376,1,48,"affect"
"1536",0.7,24,1,1,0.376,1,49,"affect"
"1537",0.7,24,1,1,0.376,1,50,"affect"
"1538",0.7,24,1,1,0.376,1,51,"enable"
"1539",0.7,24,1,1,0.376,1,52,"cause"
"1540",0.7,24,1,1,0.376,1,53,"affect"
"1541",0.7,24,1,1,0.376,1,54,"cause"
"1542",0.7,24,1,1,0.376,1,55,"affect"
"1543",0.7,24,1,1,0.376,1,56,"affect"
"1544",0.7,24,1,1,0.376,1,57,"cause"
"1545",0.7,24,1,1,0.376,1,58,"enable"
"1546",0.7,24,1,1,0.376,1,59,"affect"
"1547",0.7,24,1,1,0.376,1,60,"enable"
"1548",0.7,24,1,1,0.376,1,61,"enable"
"1549",0.7,24,1,1,0.376,1,62,"enable"
"1550",0.7,24,1,1,0.376,1,63,"enable"
"1551",0.7,25,1,0,0,1,1,"enable"
"1552",0.7,25,1,0,0,1,2,"enable"
"1553",0.7,25,1,0,0,1,3,"enable"
"1554",0.7,25,1,0,0,1,4,"enable"
"1555",0.7,25,1,0,0,1,5,"enable"
"1556",0.7,25,1,0,0,1,6,"no_difference"
"1557",0.7,25,1,0,0,1,7,"enable"
"1558",0.7,25,1,0,0,1,8,"enable"
"1559",0.7,25,1,0,0,1,9,"enable"
"1560",0.7,25,1,0,0,1,10,"enable"
"1561",0.7,25,1,0,0,1,11,"enable"
"1562",0.7,25,1,0,0,1,12,"no_difference"
"1563",0.7,25,1,0,0,1,13,"enable"
"1564",0.7,25,1,0,0,1,14,"enable"
"1565",0.7,25,1,0,0,1,15,"enable"
"1566",0.7,25,1,0,0,1,16,"enable"
"1567",0.7,25,1,0,0,1,17,"no_difference"
"1568",0.7,25,1,0,0,1,18,"enable"
"1569",0.7,25,1,0,0,1,19,"affect"
"1570",0.7,25,1,0,0,1,20,"enable"
"1571",0.7,25,1,0,0,1,21,"enable"
"1572",0.7,25,1,0,0,1,22,"enable"
"1573",0.7,25,1,0,0,1,23,"enable"
"1574",0.7,25,1,0,0,1,24,"enable"
"1575",0.7,25,1,0,0,1,25,"enable"
"1576",0.7,25,1,0,0,1,26,"enable"
"1577",0.7,25,1,0,0,1,27,"affect"
"1578",0.7,25,1,0,0,1,28,"cause"
"1579",0.7,25,1,0,0,1,30,"no_difference"
"1580",0.7,25,1,0,0,1,31,"no_difference"
"1581",0.7,25,1,0,0,1,32,"enable"
"1582",0.7,25,1,0,0,1,33,"enable"
"1583",0.7,25,1,0,0,1,34,"enable"
"1584",0.7,25,1,0,0,1,35,"affect"
"1585",0.7,25,1,0,0,1,36,"no_difference"
"1586",0.7,25,1,0,0,1,37,"enable"
"1587",0.7,25,1,0,0,1,38,"enable"
"1588",0.7,25,1,0,0,1,39,"enable"
"1589",0.7,25,1,0,0,1,40,"enable"
"1590",0.7,25,1,0,0,1,41,"no_difference"
"1591",0.7,25,1,0,0,1,42,"enable"
"1592",0.7,25,1,0,0,1,43,"enable"
"1593",0.7,25,1,0,0,1,44,"enable"
"1594",0.7,25,1,0,0,1,45,"enable"
"1595",0.7,25,1,0,0,1,46,"enable"
"1596",0.7,25,1,0,0,1,47,"no_difference"
"1597",0.7,25,1,0,0,1,48,"enable"
"1598",0.7,25,1,0,0,1,49,"enable"
"1599",0.7,25,1,0,0,1,50,"no_difference"
"1600",0.7,25,1,0,0,1,51,"enable"
"1601",0.7,25,1,0,0,1,52,"enable"
"1602",0.7,25,1,0,0,1,53,"enable"
"1603",0.7,25,1,0,0,1,54,"enable"
"1604",0.7,25,1,0,0,1,55,"enable"
"1605",0.7,25,1,0,0,1,56,"enable"
"1606",0.7,25,1,0,0,1,57,"no_difference"
"1607",0.7,25,1,0,0,1,58,"enable"
"1608",0.7,25,1,0,0,1,59,"enable"
"1609",0.7,25,1,0,0,1,60,"enable"
"1610",0.7,25,1,0,0,1,61,"enable"
"1611",0.7,25,1,0,0,1,62,"enable"
"1612",0.7,25,1,0,0,1,63,"enable"
"1613",0.7,26,0.988,1,0.012,1,1,"cause"
"1614",0.7,26,0.988,1,0.012,1,2,"enable"
"1615",0.7,26,0.988,1,0.012,1,3,"affect"
"1616",0.7,26,0.988,1,0.012,1,4,"affect"
"1617",0.7,26,0.988,1,0.012,1,5,"affect"
"1618",0.7,26,0.988,1,0.012,1,6,"affect"
"1619",0.7,26,0.988,1,0.012,1,7,"enable"
"1620",0.7,26,0.988,1,0.012,1,8,"affect"
"1621",0.7,26,0.988,1,0.012,1,9,"cause"
"1622",0.7,26,0.988,1,0.012,1,10,"affect"
"1623",0.7,26,0.988,1,0.012,1,11,"affect"
"1624",0.7,26,0.988,1,0.012,1,12,"affect"
"1625",0.7,26,0.988,1,0.012,1,13,"enable"
"1626",0.7,26,0.988,1,0.012,1,14,"affect"
"1627",0.7,26,0.988,1,0.012,1,15,"cause"
"1628",0.7,26,0.988,1,0.012,1,16,"affect"
"1629",0.7,26,0.988,1,0.012,1,17,"affect"
"1630",0.7,26,0.988,1,0.012,1,18,"cause"
"1631",0.7,26,0.988,1,0.012,1,19,"affect"
"1632",0.7,26,0.988,1,0.012,1,20,"affect"
"1633",0.7,26,0.988,1,0.012,1,21,"affect"
"1634",0.7,26,0.988,1,0.012,1,22,"cause"
"1635",0.7,26,0.988,1,0.012,1,23,"cause"
"1636",0.7,26,0.988,1,0.012,1,24,"affect"
"1637",0.7,26,0.988,1,0.012,1,25,"cause"
"1638",0.7,26,0.988,1,0.012,1,26,"affect"
"1639",0.7,26,0.988,1,0.012,1,27,"enable"
"1640",0.7,26,0.988,1,0.012,1,28,"affect"
"1641",0.7,26,0.988,1,0.012,1,30,"cause"
"1642",0.7,26,0.988,1,0.012,1,31,"cause"
"1643",0.7,26,0.988,1,0.012,1,32,"affect"
"1644",0.7,26,0.988,1,0.012,1,33,"cause"
"1645",0.7,26,0.988,1,0.012,1,34,"affect"
"1646",0.7,26,0.988,1,0.012,1,35,"affect"
"1647",0.7,26,0.988,1,0.012,1,36,"affect"
"1648",0.7,26,0.988,1,0.012,1,37,"affect"
"1649",0.7,26,0.988,1,0.012,1,38,"cause"
"1650",0.7,26,0.988,1,0.012,1,39,"enable"
"1651",0.7,26,0.988,1,0.012,1,40,"affect"
"1652",0.7,26,0.988,1,0.012,1,41,"affect"
"1653",0.7,26,0.988,1,0.012,1,42,"affect"
"1654",0.7,26,0.988,1,0.012,1,43,"enable"
"1655",0.7,26,0.988,1,0.012,1,44,"cause"
"1656",0.7,26,0.988,1,0.012,1,45,"cause"
"1657",0.7,26,0.988,1,0.012,1,46,"cause"
"1658",0.7,26,0.988,1,0.012,1,47,"cause"
"1659",0.7,26,0.988,1,0.012,1,48,"cause"
"1660",0.7,26,0.988,1,0.012,1,49,"cause"
"1661",0.7,26,0.988,1,0.012,1,50,"cause"
"1662",0.7,26,0.988,1,0.012,1,51,"cause"
"1663",0.7,26,0.988,1,0.012,1,52,"affect"
"1664",0.7,26,0.988,1,0.012,1,53,"cause"
"1665",0.7,26,0.988,1,0.012,1,54,"affect"
"1666",0.7,26,0.988,1,0.012,1,55,"cause"
"1667",0.7,26,0.988,1,0.012,1,56,"cause"
"1668",0.7,26,0.988,1,0.012,1,57,"affect"
"1669",0.7,26,0.988,1,0.012,1,58,"cause"
"1670",0.7,26,0.988,1,0.012,1,59,"cause"
"1671",0.7,26,0.988,1,0.012,1,60,"cause"
"1672",0.7,26,0.988,1,0.012,1,61,"cause"
"1673",0.7,26,0.988,1,0.012,1,62,"enable"
"1674",0.7,26,0.988,1,0.012,1,63,"affect"
"1675",0.7,27,0.878,1,0.869,0,1,"enable"
"1676",0.7,27,0.878,1,0.869,0,2,"enable"
"1677",0.7,27,0.878,1,0.869,0,3,"affect"
"1678",0.7,27,0.878,1,0.869,0,4,"affect"
"1679",0.7,27,0.878,1,0.869,0,5,"affect"
"1680",0.7,27,0.878,1,0.869,0,6,"no_difference"
"1681",0.7,27,0.878,1,0.869,0,7,"affect"
"1682",0.7,27,0.878,1,0.869,0,8,"enable"
"1683",0.7,27,0.878,1,0.869,0,9,"enable"
"1684",0.7,27,0.878,1,0.869,0,10,"enable"
"1685",0.7,27,0.878,1,0.869,0,11,"affect"
"1686",0.7,27,0.878,1,0.869,0,12,"affect"
"1687",0.7,27,0.878,1,0.869,0,13,"enable"
"1688",0.7,27,0.878,1,0.869,0,14,"affect"
"1689",0.7,27,0.878,1,0.869,0,15,"enable"
"1690",0.7,27,0.878,1,0.869,0,16,"affect"
"1691",0.7,27,0.878,1,0.869,0,17,"affect"
"1692",0.7,27,0.878,1,0.869,0,18,"affect"
"1693",0.7,27,0.878,1,0.869,0,19,"no_difference"
"1694",0.7,27,0.878,1,0.869,0,20,"enable"
"1695",0.7,27,0.878,1,0.869,0,21,"enable"
"1696",0.7,27,0.878,1,0.869,0,22,"cause"
"1697",0.7,27,0.878,1,0.869,0,23,"affect"
"1698",0.7,27,0.878,1,0.869,0,24,"enable"
"1699",0.7,27,0.878,1,0.869,0,25,"enable"
"1700",0.7,27,0.878,1,0.869,0,26,"affect"
"1701",0.7,27,0.878,1,0.869,0,27,"enable"
"1702",0.7,27,0.878,1,0.869,0,28,"cause"
"1703",0.7,27,0.878,1,0.869,0,30,"cause"
"1704",0.7,27,0.878,1,0.869,0,31,"cause"
"1705",0.7,27,0.878,1,0.869,0,32,"enable"
"1706",0.7,27,0.878,1,0.869,0,33,"enable"
"1707",0.7,27,0.878,1,0.869,0,34,"no_difference"
"1708",0.7,27,0.878,1,0.869,0,35,"cause"
"1709",0.7,27,0.878,1,0.869,0,36,"affect"
"1710",0.7,27,0.878,1,0.869,0,37,"affect"
"1711",0.7,27,0.878,1,0.869,0,38,"cause"
"1712",0.7,27,0.878,1,0.869,0,39,"cause"
"1713",0.7,27,0.878,1,0.869,0,40,"enable"
"1714",0.7,27,0.878,1,0.869,0,41,"no_difference"
"1715",0.7,27,0.878,1,0.869,0,42,"affect"
"1716",0.7,27,0.878,1,0.869,0,43,"enable"
"1717",0.7,27,0.878,1,0.869,0,44,"cause"
"1718",0.7,27,0.878,1,0.869,0,45,"cause"
"1719",0.7,27,0.878,1,0.869,0,46,"affect"
"1720",0.7,27,0.878,1,0.869,0,47,"affect"
"1721",0.7,27,0.878,1,0.869,0,48,"affect"
"1722",0.7,27,0.878,1,0.869,0,49,"affect"
"1723",0.7,27,0.878,1,0.869,0,50,"affect"
"1724",0.7,27,0.878,1,0.869,0,51,"enable"
"1725",0.7,27,0.878,1,0.869,0,52,"cause"
"1726",0.7,27,0.878,1,0.869,0,53,"enable"
"1727",0.7,27,0.878,1,0.869,0,54,"enable"
"1728",0.7,27,0.878,1,0.869,0,55,"enable"
"1729",0.7,27,0.878,1,0.869,0,56,"affect"
"1730",0.7,27,0.878,1,0.869,0,57,"no_difference"
"1731",0.7,27,0.878,1,0.869,0,58,"enable"
"1732",0.7,27,0.878,1,0.869,0,59,"affect"
"1733",0.7,27,0.878,1,0.869,0,60,"cause"
"1734",0.7,27,0.878,1,0.869,0,61,"cause"
"1735",0.7,27,0.878,1,0.869,0,62,"enable"
"1736",0.7,27,0.878,1,0.869,0,63,"cause"
"1737",0.7,28,0.021,1,0.015,1,1,"no_difference"
"1738",0.7,28,0.021,1,0.015,1,2,"affect"
"1739",0.7,28,0.021,1,0.015,1,3,"no_difference"
"1740",0.7,28,0.021,1,0.015,1,4,"no_difference"
"1741",0.7,28,0.021,1,0.015,1,5,"no_difference"
"1742",0.7,28,0.021,1,0.015,1,6,"no_difference"
"1743",0.7,28,0.021,1,0.015,1,7,"no_difference"
"1744",0.7,28,0.021,1,0.015,1,8,"affect"
"1745",0.7,28,0.021,1,0.015,1,9,"no_difference"
"1746",0.7,28,0.021,1,0.015,1,10,"affect"
"1747",0.7,28,0.021,1,0.015,1,11,"affect"
"1748",0.7,28,0.021,1,0.015,1,12,"affect"
"1749",0.7,28,0.021,1,0.015,1,13,"no_difference"
"1750",0.7,28,0.021,1,0.015,1,14,"affect"
"1751",0.7,28,0.021,1,0.015,1,15,"affect"
"1752",0.7,28,0.021,1,0.015,1,16,"affect"
"1753",0.7,28,0.021,1,0.015,1,17,"no_difference"
"1754",0.7,28,0.021,1,0.015,1,18,"no_difference"
"1755",0.7,28,0.021,1,0.015,1,19,"cause"
"1756",0.7,28,0.021,1,0.015,1,20,"cause"
"1757",0.7,28,0.021,1,0.015,1,21,"no_difference"
"1758",0.7,28,0.021,1,0.015,1,22,"cause"
"1759",0.7,28,0.021,1,0.015,1,23,"affect"
"1760",0.7,28,0.021,1,0.015,1,24,"affect"
"1761",0.7,28,0.021,1,0.015,1,25,"affect"
"1762",0.7,28,0.021,1,0.015,1,26,"no_difference"
"1763",0.7,28,0.021,1,0.015,1,27,"no_difference"
"1764",0.7,28,0.021,1,0.015,1,28,"affect"
"1765",0.7,28,0.021,1,0.015,1,30,"affect"
"1766",0.7,28,0.021,1,0.015,1,31,"cause"
"1767",0.7,28,0.021,1,0.015,1,32,"cause"
"1768",0.7,28,0.021,1,0.015,1,33,"affect"
"1769",0.7,28,0.021,1,0.015,1,34,"affect"
"1770",0.7,28,0.021,1,0.015,1,35,"affect"
"1771",0.7,28,0.021,1,0.015,1,36,"no_difference"
"1772",0.7,28,0.021,1,0.015,1,37,"affect"
"1773",0.7,28,0.021,1,0.015,1,38,"affect"
"1774",0.7,28,0.021,1,0.015,1,39,"affect"
"1775",0.7,28,0.021,1,0.015,1,40,"no_difference"
"1776",0.7,28,0.021,1,0.015,1,41,"no_difference"
"1777",0.7,28,0.021,1,0.015,1,42,"cause"
"1778",0.7,28,0.021,1,0.015,1,43,"no_difference"
"1779",0.7,28,0.021,1,0.015,1,44,"no_difference"
"1780",0.7,28,0.021,1,0.015,1,45,"affect"
"1781",0.7,28,0.021,1,0.015,1,46,"affect"
"1782",0.7,28,0.021,1,0.015,1,47,"affect"
"1783",0.7,28,0.021,1,0.015,1,48,"affect"
"1784",0.7,28,0.021,1,0.015,1,49,"affect"
"1785",0.7,28,0.021,1,0.015,1,50,"affect"
"1786",0.7,28,0.021,1,0.015,1,51,"affect"
"1787",0.7,28,0.021,1,0.015,1,52,"affect"
"1788",0.7,28,0.021,1,0.015,1,53,"no_difference"
"1789",0.7,28,0.021,1,0.015,1,54,"no_difference"
"1790",0.7,28,0.021,1,0.015,1,55,"affect"
"1791",0.7,28,0.021,1,0.015,1,56,"no_difference"
"1792",0.7,28,0.021,1,0.015,1,57,"no_difference"
"1793",0.7,28,0.021,1,0.015,1,58,"no_difference"
"1794",0.7,28,0.021,1,0.015,1,59,"cause"
"1795",0.7,28,0.021,1,0.015,1,60,"affect"
"1796",0.7,28,0.021,1,0.015,1,61,"affect"
"1797",0.7,28,0.021,1,0.015,1,62,"no_difference"
"1798",0.7,28,0.021,1,0.015,1,63,"affect"
"1799",0.7,29,0,0,0,1,1,"no_difference"
"1800",0.7,29,0,0,0,1,2,"no_difference"
"1801",0.7,29,0,0,0,1,3,"no_difference"
"1802",0.7,29,0,0,0,1,4,"no_difference"
"1803",0.7,29,0,0,0,1,5,"no_difference"
"1804",0.7,29,0,0,0,1,6,"no_difference"
"1805",0.7,29,0,0,0,1,7,"no_difference"
"1806",0.7,29,0,0,0,1,8,"no_difference"
"1807",0.7,29,0,0,0,1,9,"no_difference"
"1808",0.7,29,0,0,0,1,10,"no_difference"
"1809",0.7,29,0,0,0,1,11,"no_difference"
"1810",0.7,29,0,0,0,1,12,"no_difference"
"1811",0.7,29,0,0,0,1,13,"no_difference"
"1812",0.7,29,0,0,0,1,14,"no_difference"
"1813",0.7,29,0,0,0,1,15,"no_difference"
"1814",0.7,29,0,0,0,1,16,"no_difference"
"1815",0.7,29,0,0,0,1,17,"no_difference"
"1816",0.7,29,0,0,0,1,18,"no_difference"
"1817",0.7,29,0,0,0,1,19,"no_difference"
"1818",0.7,29,0,0,0,1,20,"no_difference"
"1819",0.7,29,0,0,0,1,21,"no_difference"
"1820",0.7,29,0,0,0,1,22,"no_difference"
"1821",0.7,29,0,0,0,1,23,"no_difference"
"1822",0.7,29,0,0,0,1,24,"no_difference"
"1823",0.7,29,0,0,0,1,25,"no_difference"
"1824",0.7,29,0,0,0,1,26,"no_difference"
"1825",0.7,29,0,0,0,1,27,"no_difference"
"1826",0.7,29,0,0,0,1,28,"no_difference"
"1827",0.7,29,0,0,0,1,30,"no_difference"
"1828",0.7,29,0,0,0,1,31,"no_difference"
"1829",0.7,29,0,0,0,1,32,"no_difference"
"1830",0.7,29,0,0,0,1,33,"no_difference"
"1831",0.7,29,0,0,0,1,34,"no_difference"
"1832",0.7,29,0,0,0,1,35,"no_difference"
"1833",0.7,29,0,0,0,1,36,"no_difference"
"1834",0.7,29,0,0,0,1,37,"no_difference"
"1835",0.7,29,0,0,0,1,38,"no_difference"
"1836",0.7,29,0,0,0,1,39,"no_difference"
"1837",0.7,29,0,0,0,1,40,"no_difference"
"1838",0.7,29,0,0,0,1,41,"no_difference"
"1839",0.7,29,0,0,0,1,42,"no_difference"
"1840",0.7,29,0,0,0,1,43,"no_difference"
"1841",0.7,29,0,0,0,1,44,"no_difference"
"1842",0.7,29,0,0,0,1,45,"no_difference"
"1843",0.7,29,0,0,0,1,46,"no_difference"
"1844",0.7,29,0,0,0,1,47,"no_difference"
"1845",0.7,29,0,0,0,1,48,"no_difference"
"1846",0.7,29,0,0,0,1,49,"no_difference"
"1847",0.7,29,0,0,0,1,50,"no_difference"
"1848",0.7,29,0,0,0,1,51,"no_difference"
"1849",0.7,29,0,0,0,1,52,"cause"
"1850",0.7,29,0,0,0,1,53,"no_difference"
"1851",0.7,29,0,0,0,1,54,"no_difference"
"1852",0.7,29,0,0,0,1,55,"no_difference"
"1853",0.7,29,0,0,0,1,56,"no_difference"
"1854",0.7,29,0,0,0,1,57,"no_difference"
"1855",0.7,29,0,0,0,1,58,"no_difference"
"1856",0.7,29,0,0,0,1,59,"no_difference"
"1857",0.7,29,0,0,0,1,60,"no_difference"
"1858",0.7,29,0,0,0,1,61,"no_difference"
"1859",0.7,29,0,0,0,1,62,"no_difference"
"1860",0.7,29,0,0,0,1,63,"no_difference"
